run_id,round,client_id,veh_id,selected,committed,drop_reason,drop_group,drop_stage,dl_reason,ul_reason,dl_dist_start_m,dl_dist_end_m,ul_dist_start_m,ul_dist_end_m,dl_rx_power_dbm,dl_sinr_db,dl_per,ul_rx_power_dbm,ul_sinr_db,ul_per,t_round_start,t_deadline,t_dl_done,t_ul_start,t_ul_done,t_down,t_train,t_up,dl_ok,ul_ok,dl_goodput_mbps,ul_goodput_mbps,dl_rtt_ms,ul_rtt_ms,e_comp_j,co2_comp_g,e_comm_j,co2_comm_g,co2_total_g
20260324_212557,9,0c966b5267b542368ec863e61cf59ba2,flow0.0,1,1,,committed,OK,,,nan,nan,nan,nan,nan,nan,nan,nan,nan,nan,200.0,225.0,202.48089900869948,204.08089900869948,206.2802679656665,2.480899008699481,1.6,2.199368956967021,1,1,6.736893427515482,7.609411736403452,13.346296978110956,12.557843923232845,0.16,5.955555555555556e-06,5.7799524441500125,0.00021514267431002823,0.0002210982298655838
20260324_212557,9,289844ec0a26437c94d3712451eb4be2,flow0.9,1,1,,committed,OK,,,nan,nan,nan,nan,nan,nan,nan,nan,nan,nan,200.0,225.0,203.76493147215666,205.70493147215666,208.91732851655638,3.764931472156661,1.94,3.2123970443997223,1,1,4.479060620991596,5.349794351898361,16.368057907889416,14.976905139606512,0.19399999999999998,7.22111111111111e-06,8.583527038756245,0.000319497950887038,0.00032671906199814913
20260324_212557,9,3563da5eebb14564a1e40c2c478494fd,flow0.4,1,1,,committed,OK,,,nan,nan,nan,nan,nan,nan,nan,nan,nan,nan,200.0,225.0,202.92371603175744,206.60371603175744,209.0213590593018,2.9237160317574364,3.68,2.417643027544358,1,1,5.6798709572425965,7.265113964397869,14.53521260554311,12.851961248693598,0.368,1.3697777777777777e-05,6.550180573073973,0.00024381227688664235,0.00025751005466442015
20260324_212557,9,60c1aa880f4c4256a96e39f626f1afe5,flow0.6,1,1,,committed,OK,,,nan,nan,nan,nan,nan,nan,nan,nan,nan,nan,200.0,225.0,203.2248512039446,208.6948512039446,211.08666627680924,3.22485120394461,5.47,2.391815072864631,1,1,5.304531735918782,7.072831816107472,15.04066703130099,13.025486629751175,0.5469999999999999,2.0360555555555554e-05,6.812573813241556,0.00025357913638176903,0.00027393969193732456
20260324_212557,9,f66ce8d58fd74b8e9898a1926725a2bf,flow0.3,1,1,,committed,OK,,,nan,nan,nan,nan,nan,nan,nan,nan,nan,nan,200.0,225.0,202.78847253747665,208.84847253747665,211.00783187446757,2.7884725374766504,6.06,2.159359336990917,1,1,5.968857851955487,7.869380472744382,14.178980487894714,12.348674733369402,0.6059999999999999,2.255666666666666e-05,6.027511542963026,0.0002243573740991793,0.000246914040765846
20260324_212557,9,f6a73ca3be824ec79e8eb1a7df144f3b,flow0.5,1,1,,committed,OK,,,nan,nan,nan,nan,nan,nan,nan,nan,nan,nan,200.0,225.0,203.07146513384825,209.51146513384825,211.81790430699516,3.0714651338482497,6.44,2.306439173146913,1,1,5.592657264850417,7.391294174949215,14.648107563400215,12.741788125222717,0.644,2.397111111111111e-05,6.531123893568619,0.00024310294492727638,0.0002670740560383875
20260324_212557,10,0c966b5267b542368ec863e61cf59ba2,flow0.10,1,1,,committed,OK,,,nan,nan,nan,nan,nan,nan,nan,nan,nan,nan,225.0,250.0,228.56055511350047,231.42055511350048,234.3620181468245,3.5605551135004703,2.86,2.941463033324027,1,1,4.759300797905012,5.923685547061277,15.878849995216164,14.232940205778302,0.286,1.0645555555555555e-05,7.9727496634865105,0.00029676345969644233,0.0003074090152519979
20260324_212557,10,289844ec0a26437c94d3712451eb4be2,flow0.9,1,1,,committed,OK,,,nan,nan,nan,nan,nan,nan,nan,nan,nan,nan,225.0,250.0,226.99914447354055,228.93914447354055,231.1806129290462,1.9991444735405537,1.94,2.2414684555056397,1,1,7.953161400141046,7.052466728683672,12.283460256605107,13.044279625280138,0.19399999999999998,7.22111111111111e-06,5.361347156799013,0.00019956125528085216,0.00020678236639196326
20260324_212557,10,f6a73ca3be824ec79e8eb1a7df144f3b,flow0.5,1,1,,committed,OK,,,nan,nan,nan,nan,nan,nan,nan,nan,nan,nan,225.0,250.0,227.31949589318796,233.75949589318796,236.9621019984597,2.3194958931879626,6.44,3.202606105271741,1,1,6.608160947427567,4.868764411764581,13.475668442693994,15.6993344940938,0.644,2.397111111111111e-05,7.123405051095574,0.0002651489657907797,0.0002891200769018908
20260324_212557,10,1243f3ea60b042fdbc88434d881af68d,flow0.11,1,1,,committed,OK,,,nan,nan,nan,nan,nan,nan,nan,nan,nan,nan,225.0,250.0,228.77886156811277,231.25886156811276,234.37470581234547,3.7788615681127737,2.48,3.1158442442327043,1,1,4.4612858762434096,5.524710689060452,16.400632466542838,14.737908396427397,0.24799999999999997,9.23111111111111e-06,8.45262793446183,0.00031462559533830146,0.00032385670644941256
20260324_212557,10,60c1aa880f4c4256a96e39f626f1afe5,flow0.6,1,1,,committed,OK,,,nan,nan,nan,nan,nan,nan,nan,nan,nan,nan,225.0,250.0,227.21330568020412,232.6833056802041,235.5905726948716,2.2133056802041153,5.47,2.9072670146674966,1,1,6.933580139061055,5.28468321140856,13.155636141231124,15.068885871256642,0.5469999999999999,2.0360555555555554e-05,6.57420620220536,0.0002447065641931995,0.0002650671197487551
20260324_212557,10,1c6bea1941b34168aacc7c02ab056c95,flow0.1,1,1,,committed,OK,,,nan,nan,nan,nan,nan,nan,nan,nan,nan,nan,225.0,250.0,227.78374056059243,234.31374056059244,238.25140664973114,2.7837405605924346,6.53,3.937666089138702,1,1,5.5392989576171034,3.879964966460559,14.71848876317652,17.586390849067534,0.653,2.4306111111111113e-05,8.690239694300487,0.00032347003306562925,0.00034777614417674037
20260324_212557,10,3563da5eebb14564a1e40c2c478494fd,flow0.8,1,1,,committed,OK,,,nan,nan,nan,nan,nan,nan,nan,nan,nan,nan,225.0,250.0,227.05663390253335,234.69663390253334,237.49222723794034,2.056633902533349,7.64,2.7955933354070055,1,1,7.527646532020336,5.4627679550145665,12.625861294520714,14.821229987084207,0.7639999999999999,2.8437777777777776e-05,6.250023905643857,0.00023263977871007692,0.0002610775564878547
20260324_212557,10,b7caf7d0566f4f1caa712e1e113ddd2c,flow0.22,1,1,,committed,OK,,,nan,nan,nan,nan,nan,nan,nan,nan,nan,nan,225.0,250.0,227.06487463934113,229.33487463934114,231.19798227594038,2.0648746393411272,2.27,1.8631076365992385,1,1,8.051220096244425,9.310581850079622,12.208428764668794,11.35277973549909,0.22699999999999998,8.449444444444443e-06,4.859536094239985,0.00018088273239671057,0.000189332176841155
20260324_212557,10,bb4a42fce1644a59a0b16b59be8c2693,flow0.21,1,1,,committed,OK,,,nan,nan,nan,nan,nan,nan,nan,nan,nan,nan,225.0,250.0,228.7008229348965,233.0708229348965,236.044186939153,3.7008229348965074,4.37,2.9733640042564957,1,1,4.520406189761444,5.7722033906191115,16.293031327692912,14.418490984950001,0.437,1.6266111111111112e-05,8.160868941281251,0.0003037656772588021,0.0003200317883699132
20260324_212557,10,f66ce8d58fd74b8e9898a1926725a2bf,flow0.3,1,1,,committed,OK,,,nan,nan,nan,nan,nan,nan,nan,nan,nan,nan,225.0,250.0,227.57889267754112,233.63889267754112,237.19537132081464,2.57889267754112,6.06,3.556478643273522,1,1,5.963037567774047,4.282125868779158,14.185898570098033,16.74021026459787,0.6059999999999999,2.255666666666666e-05,7.9136106424514026,0.00029456217391346886,0.0003171188405801355
20260324_212557,11,289844ec0a26437c94d3712451eb4be2,flow0.9,1,0,out_of_range,out_of_range,UL,,out_of_range,nan,nan,nan,nan,nan,nan,nan,nan,nan,nan,250.0,275.0,254.43330976155175,256.37330976155175,-1.0,4.4333097615517545,1.94,0.0,1,0,3.3787092659066436,3.017550889700102,18.845827499927083,19.941752484029553,0.19399999999999998,7.22111111111111e-06,4.4333097615517545,0.0001650176411244264,0.00017223875223553752
20260324_212557,11,0c966b5267b542368ec863e61cf59ba2,flow0.13,1,1,,committed,OK,,,nan,nan,nan,nan,nan,nan,nan,nan,nan,nan,250.0,275.0,254.71111746717094,260.15111746717093,264.1288172607767,4.711117467170936,5.44,3.9776997936057796,1,1,3.5389355682418255,4.271606553926166,18.41426102998421,16.760809921862514,0.544,2.024888888888889e-05,10.677667157579606,0.000397446499754352,0.0004176953886432409
20260324_212557,11,1243f3ea60b042fdbc88434d881af68d,flow0.14,1,1,,committed,OK,,,nan,nan,nan,nan,nan,nan,nan,nan,nan,nan,250.0,275.0,254.85619932001507,257.53619932001504,261.8348599965931,4.856199320015065,2.68,4.298660676578038,1,1,3.4297923880269976,3.9013199452529426,18.704956689576093,17.53819275846246,0.268,9.975555555555556e-06,11.304190334882122,0.000420767084687279,0.00043074264024283457
20260324_212557,11,1c6bea1941b34168aacc7c02ab056c95,flow0.11,1,1,,committed,OK,,,nan,nan,nan,nan,nan,nan,nan,nan,nan,nan,250.0,275.0,251.9754397972006,254.4554397972006,257.22138572723935,1.9754397972006075,2.48,2.765945930038754,1,1,8.048802124765901,6.907784727009241,12.210262417391242,13.180176485874878,0.24799999999999997,9.23111111111111e-06,6.124358692258738,0.00022796224021185302,0.00023719335132296412
20260324_212557,11,3563da5eebb14564a1e40c2c478494fd,flow0.25,1,1,,committed,OK,,,nan,nan,nan,nan,nan,nan,nan,nan,nan,nan,250.0,275.0,253.91883884034894,255.61883884034893,259.130374158442,3.91883884034894,1.7,3.511535318093081,1,1,4.1981352639068765,4.936301372314582,16.906838700817605,15.5915678787511,0.16999999999999998,6.327777777777778e-06,9.186141817488561,0.0003419286120954076,0.00034825638987318535
20260324_212557,11,60c1aa880f4c4256a96e39f626f1afe5,flow0.23,1,1,,committed,OK,,,nan,nan,nan,nan,nan,nan,nan,nan,nan,nan,250.0,275.0,253.6239604395809,264.2339604395809,266.8371836011543,3.6239604395809124,10.61,2.6032231615733963,1,1,4.598246189429912,6.467151984603905,16.154536920289246,13.62178713330617,1.061,3.949277777777778e-05,7.528795181941007,0.0002802384873278042,0.000319731265105582
20260324_212557,11,b7caf7d0566f4f1caa712e1e113ddd2c,flow0.28,1,1,,committed,OK,,,nan,nan,nan,nan,nan,nan,nan,nan,nan,nan,250.0,275.0,254.29710046437248,257.30710046437247,261.14805918998536,4.297100464372477,3.01,3.840958725612893,1,1,3.886943305978386,4.54306450163823,17.570597084088718,16.252350192290823,0.30099999999999993,1.1203888888888887e-05,10.058538552791816,0.00037440115724280646,0.0003856050461316953
20260324_212557,11,bb4a42fce1644a59a0b16b59be8c2693,flow0.24,1,1,,committed,OK,,,nan,nan,nan,nan,nan,nan,nan,nan,nan,nan,250.0,275.0,253.7823317400933,257.8623317400933,261.0111396932926,3.782331740093298,4.08,3.1488079531993094,1,1,4.39315383824115,5.429952011359149,16.527319289268384,14.865948615389478,0.408,1.5186666666666666e-05,8.505543669892262,0.0003165952366015453,0.000331781903268212
20260324_212557,11,f66ce8d58fd74b8e9898a1926725a2bf,flow0.15,1,1,,committed,OK,,,nan,nan,nan,nan,nan,nan,nan,nan,nan,nan,250.0,275.0,255.00472176677962,261.20472176677964,265.38813421231555,5.004721766779625,6.2,4.183412445535907,1,1,3.388562109640897,4.068431436323044,18.818408765671727,17.1742239726276,0.62,2.3077777777777777e-05,11.279840435083486,0.0004198607273058853,0.0004429385050836631
20260324_212557,11,f6a73ca3be824ec79e8eb1a7df144f3b,flow0.12,1,1,,committed,OK,,,nan,nan,nan,nan,nan,nan,nan,nan,nan,nan,250.0,275.0,254.56948061350022,258.7694806135002,262.70613985021254,4.569480613500218,4.2,3.9366592367123303,1,1,3.6516660866729396,4.239842846122795,18.12779970171065,16.82347640330895,0.42,1.563333333333333e-05,10.474469468568714,0.0003898830302189466,0.00040551636355227994
20260324_212557,12,0c966b5267b542368ec863e61cf59ba2,flow0.30,1,1,,committed,OK,,,nan,nan,nan,nan,nan,nan,nan,nan,nan,nan,275.0,300.0,279.1504506511301,284.2504506511301,287.38311569653837,4.150450651130086,5.1,3.1326650454082596,1,1,4.161373447070383,5.508754893110684,16.981352499656197,14.759236721202539,0.5099999999999999,1.8983333333333332e-05,8.849448219242475,0.0003293961281606921,0.00034837946149402546
20260324_212557,12,1c6bea1941b34168aacc7c02ab056c95,flow0.11,1,0,out_of_range,out_of_range,UL,,out_of_range,nan,nan,nan,nan,nan,nan,nan,nan,nan,nan,275.0,300.0,279.4112369655296,281.89123696552963,-1.0,4.411236965529611,2.48,0.0,1,0,3.3902391085530916,3.0271432674287846,18.813753879449692,19.910131813230443,0.24799999999999997,9.23111111111111e-06,4.411236965529611,0.00016419604260582438,0.00017342715371693548
20260324_212557,12,f6a73ca3be824ec79e8eb1a7df144f3b,flow0.12,1,1,,committed,OK,,,nan,nan,nan,nan,nan,nan,nan,nan,nan,nan,275.0,300.0,277.5383704792016,281.7383704792016,283.99078424625765,2.5383704792016033,4.2,2.252413767056055,1,1,6.490406301461487,7.394322557842795,13.597362653422712,12.739178625530425,0.42,1.563333333333333e-05,5.916991129785686,0.00022024355871980053,0.00023587689205313385
20260324_212557,12,1243f3ea60b042fdbc88434d881af68d,flow0.27,1,1,,committed,OK,,,nan,nan,nan,nan,nan,nan,nan,nan,nan,nan,275.0,300.0,277.26300103013165,281.61300103013167,283.66116492884197,2.2630010301316474,4.35,2.0481638987102997,1,1,7.274801682482841,8.386897683234766,12.843401039005759,11.961618598014887,0.43499999999999994,1.6191666666666666e-05,5.335246878197097,0.00019858974491066973,0.0002147814115773364
20260324_212557,12,bb4a42fce1644a59a0b16b59be8c2693,flow0.24,1,1,,committed,OK,,,nan,nan,nan,nan,nan,nan,nan,nan,nan,nan,275.0,300.0,277.0429477450331,281.12294774503306,282.9053448075454,2.042947745033075,4.08,1.7823970625123593,1,1,8.181104729237079,9.483596849627817,12.111129471692891,11.248745243010951,0.408,1.5186666666666666e-05,4.716543338801614,0.00017556022427761564,0.0001907468909442823
20260324_212557,12,289844ec0a26437c94d3712451eb4be2,flow0.35,1,1,,committed,OK,,,nan,nan,nan,nan,nan,nan,nan,nan,nan,nan,275.0,300.0,280.014377384394,286.454377384394,290.0885334254551,5.014377384393981,6.44,3.6341560410611464,1,1,3.4776840230367037,4.811290174420403,18.57571601461192,15.79282590144605,0.644,2.397111111111111e-05,10.4656114459857,0.00038955331493391223,0.00041352442604502334
20260324_212557,12,3563da5eebb14564a1e40c2c478494fd,flow0.22,1,0,out_of_range,out_of_range,UL,,out_of_range,nan,nan,nan,nan,nan,nan,nan,nan,nan,nan,275.0,300.0,279.9213937152139,282.1913937152139,-1.0,4.921393715213924,2.27,0.0,1,0,3.0674429075858107,0.0,19.778911121105196,0.0,0.22699999999999998,8.449444444444443e-06,4.921393715213924,0.0001831852105107405,0.00019163465495518494
20260324_212557,12,60c1aa880f4c4256a96e39f626f1afe5,flow0.10,1,0,out_of_range,out_of_range,UL,,out_of_range,nan,nan,nan,nan,nan,nan,nan,nan,nan,nan,275.0,300.0,279.6771039906567,282.5371039906567,-1.0,4.67710399065669,2.86,0.0,1,0,3.211247535845406,0.0,19.330973746643892,0.0,0.286,1.0645555555555555e-05,4.67710399065669,0.0001740922040966657,0.00018473775965222123
20260324_212557,12,b7caf7d0566f4f1caa712e1e113ddd2c,flow0.25,1,1,,committed,OK,,,nan,nan,nan,nan,nan,nan,nan,nan,nan,nan,275.0,300.0,277.11087750553725,278.81087750553723,281.8478331258761,2.110877505537246,1.7,3.0369556203388584,1,1,7.765751045654922,8.815647990316375,12.43079461870662,11.667115649607961,0.16999999999999998,6.327777777777778e-06,6.666310936045534,0.0002481349070639171,0.00025446268484169486
20260324_212557,12,f66ce8d58fd74b8e9898a1926725a2bf,flow0.34,1,1,,committed,OK,,,nan,nan,nan,nan,nan,nan,nan,nan,nan,nan,275.0,300.0,279.8135634930728,285.35356349307284,288.94443757926047,4.81356349307282,5.54,3.5908740861876254,1,1,3.5306539210012384,4.726090023243344,18.435845004847366,15.934543571944918,0.5539999999999999,2.0621111111111107e-05,10.199874622354258,0.00037966199983207515,0.00040028311094318625
20260324_212557,13,0c966b5267b542368ec863e61cf59ba2,flow0.15,1,1,,committed,OK,,,nan,nan,nan,nan,nan,nan,nan,nan,nan,nan,300.0,325.0,301.6330842782649,307.8330842782649,309.68190403799645,1.6330842782649029,6.2,1.8488197597315548,1,1,9.763187137208362,8.936897592663986,11.086509057075181,11.58769971496644,0.62,2.3077777777777777e-05,4.406313917862235,0.00016401279583153875,0.0001870905736093165
20260324_212557,13,1243f3ea60b042fdbc88434d881af68d,flow0.31,1,1,,committed,OK,,,nan,nan,nan,nan,nan,nan,nan,nan,nan,nan,300.0,325.0,301.9951731990732,303.9351731990732,305.9942125158898,1.9951731990731787,1.94,2.059039316816609,1,1,8.072188467775703,7.976944388990134,12.192562105438522,12.26513522770303,0.19399999999999998,7.22111111111111e-06,5.083732174298092,0.00018922780870998454,0.00019644891982109565
20260324_212557,13,1c6bea1941b34168aacc7c02ab056c95,flow0.33,1,1,,committed,OK,,,nan,nan,nan,nan,nan,nan,nan,nan,nan,nan,300.0,325.0,302.0861408976194,304.71614089761937,306.7505332076124,2.086140897619373,2.63,2.034392309993052,1,1,7.935835577436439,8.19959823603271,12.296861808298853,12.097463943099935,0.26299999999999996,9.789444444444444e-06,5.137729362608951,0.0001912377040526665,0.00020102714849711095
20260324_212557,13,bb4a42fce1644a59a0b16b59be8c2693,flow0.24,1,1,,committed,OK,,,nan,nan,nan,nan,nan,nan,nan,nan,nan,nan,300.0,325.0,301.99211743537415,306.07211743537414,308.4031460208007,1.9921174353741549,4.08,2.3310285854265658,1,1,7.987282722442997,6.6827275888352204,12.257194973174315,13.400276015858418,0.408,1.5186666666666666e-05,5.4886603135140035,0.00020430013389191012,0.00021948680055857678
20260324_212557,13,289844ec0a26437c94d3712451eb4be2,flow0.19,1,1,,committed,OK,,,nan,nan,nan,nan,nan,nan,nan,nan,nan,nan,300.0,325.0,304.0388066920691,309.4288066920691,312.77162893560904,4.038806692069102,5.39,3.342822243539956,1,1,4.139492222471748,5.0635402706464365,17.026174790786495,15.394425593553692,0.5389999999999999,2.0062777777777776e-05,9.053040057379036,0.00033697426880244187,0.00035703704658021965
20260324_212557,13,3563da5eebb14564a1e40c2c478494fd,flow0.13,1,1,,committed,OK,,,nan,nan,nan,nan,nan,nan,nan,nan,nan,nan,300.0,325.0,301.7113132980175,307.1513132980175,309.04465959092374,1.711313298017501,5.44,1.8933462929062443,1,1,9.25848500036548,8.649609009171812,11.384675579618508,11.77856505168483,0.544,2.024888888888889e-05,4.5513327373768675,0.00016941071855791672,0.00018965960744680562
20260324_212557,13,f66ce8d58fd74b8e9898a1926725a2bf,flow0.34,1,1,,committed,OK,,,nan,nan,nan,nan,nan,nan,nan,nan,nan,nan,300.0,325.0,302.16775786326616,307.7077578632662,309.764925815989,2.1677578632661607,5.54,2.057167952722807,1,1,7.668718801811421,8.086398176170212,12.509190789132774,12.181844791824027,0.5539999999999999,2.0621111111111107e-05,5.253509792350371,0.00019554730893748604,0.00021616842004859715
20260324_212557,13,60c1aa880f4c4256a96e39f626f1afe5,flow0.39,1,1,,committed,OK,,,nan,nan,nan,nan,nan,nan,nan,nan,nan,nan,300.0,325.0,302.82357164988036,310.14357164988036,312.2474054241832,2.823571649880364,7.32,2.1038337743028706,1,1,5.892502251863194,8.025410732103579,14.270551081031376,12.228043889073327,0.732,2.7246666666666664e-05,5.97932231133467,0.0002225636638107905,0.00024981033047745714
20260324_212557,13,f6a73ca3be824ec79e8eb1a7df144f3b,flow0.12,1,1,,committed,OK,,,nan,nan,nan,nan,nan,nan,nan,nan,nan,nan,300.0,325.0,301.7700963343781,305.97009633437807,307.86366687382537,1.7700963343780813,4.2,1.8935705394472961,1,1,8.953734964433762,8.576139634211222,11.576799335466376,11.828909286578334,0.42,1.563333333333333e-05,4.6104521435490255,0.0001716112742321026,0.00018724460756543593
20260324_212557,13,b7caf7d0566f4f1caa712e1e113ddd2c,flow0.28,1,1,,committed,OK,,,nan,nan,nan,nan,nan,nan,nan,nan,nan,nan,300.0,325.0,301.8717558186961,304.8817558186961,306.80138182691576,1.8717558186961014,3.01,1.919626008219666,1,1,8.515100393292066,8.412052093881648,11.871230474252538,11.943720899902,0.30099999999999993,1.1203888888888887e-05,4.7511948310256,0.00017685002982150845,0.00018805391871039735
20260324_212557,14,0c966b5267b542368ec863e61cf59ba2,flow0.16,1,1,,committed,OK,,,nan,nan,nan,nan,nan,nan,nan,nan,nan,nan,325.0,350.0,326.8944371280879,332.17443712808785,334.17243327066535,1.8944371280878727,5.28,1.997996142577506,1,1,8.393139605672523,7.9620869622806465,11.957169882404363,12.27657339820424,0.528,1.936e-05,4.8914313419541315,0.00017935248253831817,0.00019871248253831817
20260324_212557,14,1243f3ea60b042fdbc88434d881af68d,flow0.32,1,1,,committed,OK,,,nan,nan,nan,nan,nan,nan,nan,nan,nan,nan,325.0,350.0,328.695784301933,330.425784301933,334.91826808944865,3.6957843019329744,1.73,4.492483787515653,1,1,4.110068059747508,3.429805846754152,17.08701167831501,18.7049199899542,0.173,6.343333333333333e-06,10.434509983206453,0.0003825986993842366,0.00038894203271756995
20260324_212557,14,1c6bea1941b34168aacc7c02ab056c95,flow0.37,1,1,,committed,OK,,,nan,nan,nan,nan,nan,nan,nan,nan,nan,nan,325.0,350.0,327.82499880474387,330.40499880474385,333.92445072248245,2.8249988047438706,2.58,3.519451917738593,1,1,5.460101048773189,4.4739782261455225,14.824849151364106,16.377352244708533,0.258,9.460000000000001e-06,8.10417668135176,0.00029715314498289784,0.0003066131449828978
20260324_212557,14,b7caf7d0566f4f1caa712e1e113ddd2c,flow0.28,1,1,,committed,OK,,,nan,nan,nan,nan,nan,nan,nan,nan,nan,nan,325.0,350.0,327.05278060793796,330.06278060793795,332.4707572843187,2.0527806079379616,3.01,2.4079766763807697,1,1,7.545195395783107,6.489565059215966,12.61116992527334,13.598243937847208,0.30099999999999993,1.1036666666666664e-05,5.664745622509116,0.00020770733949200093,0.0002187440061586676
20260324_212557,14,3563da5eebb14564a1e40c2c478494fd,flow0.13,1,1,,committed,OK,,,nan,nan,nan,nan,nan,nan,nan,nan,nan,nan,325.0,350.0,326.9717774518038,332.4117774518038,334.7262976900229,1.9717774518038027,5.44,2.3145202382190746,1,1,8.1242226541273,6.998637516818675,12.15345379965803,13.09434782108082,0.544,1.994666666666667e-05,5.443557809132415,0.00019959711966818853,0.0002195437863348552
20260324_212557,14,289844ec0a26437c94d3712451eb4be2,flow0.35,1,1,,committed,OK,,,nan,nan,nan,nan,nan,nan,nan,nan,nan,nan,325.0,350.0,328.17292219516344,334.61292219516343,339.08913221735935,3.172922195163437,6.44,4.4762100221959145,1,1,4.733702807850167,3.372428162402853,15.92172537616231,18.863369389903447,0.644,2.3613333333333333e-05,9.887237228457309,0.00036253203171010133,0.00038614536504343467
20260324_212557,14,60c1aa880f4c4256a96e39f626f1afe5,flow0.17,1,1,,committed,OK,,,nan,nan,nan,nan,nan,nan,nan,nan,nan,nan,325.0,350.0,327.0744743332091,328.27447433320907,330.48683598294673,2.074474333209082,1.2,2.212361649737659,1,1,7.946898944882576,8.715649599593265,12.288299217808994,11.733855675437196,0.11999999999999998,4.399999999999999e-06,5.39301680781557,0.00019774394961990423,0.00020214394961990423
20260324_212557,14,bb4a42fce1644a59a0b16b59be8c2693,flow0.52,1,1,,committed,OK,,,nan,nan,nan,nan,nan,nan,nan,nan,nan,nan,325.0,350.0,327.30820150988757,330.1782015098876,332.2808910210838,2.3082015098875672,2.87,2.1026895111962176,1,1,7.1420995405631595,7.859660954722299,12.962168826862829,12.356307765129756,0.287,1.0523333333333333e-05,5.462235776681894,0.0002002819784783361,0.00021080531181166945
20260324_212557,14,f66ce8d58fd74b8e9898a1926725a2bf,flow0.54,1,1,,committed,OK,,,nan,nan,nan,nan,nan,nan,nan,nan,nan,nan,325.0,350.0,328.29190303583096,331.701903035831,334.4741203650828,3.2919030358309556,3.41,2.7722173292518164,1,1,5.1455971581803635,6.247135985940109,15.271184761535075,13.859582347520707,0.34099999999999997,1.2503333333333331e-05,7.45022902970868,0.00027317506442265163,0.000285678397755985
20260324_212557,14,f6a73ca3be824ec79e8eb1a7df144f3b,flow0.40,1,1,,committed,OK,,,nan,nan,nan,nan,nan,nan,nan,nan,nan,nan,325.0,350.0,327.5377222119018,331.6377222119018,333.7720053871132,2.53772221190178,4.1,2.134283175211408,1,1,6.579677794246445,7.870300025034314,13.504804750094623,12.347953313360383,0.4099999999999999,1.503333333333333e-05,5.739146974718892,0.00021043538907302605,0.00022546872240635939
20260324_212557,15,0c966b5267b542368ec863e61cf59ba2,flow0.29,1,0,out_of_range,out_of_range,UL,,out_of_range,nan,nan,nan,nan,nan,nan,nan,nan,nan,nan,350.0,375.0,354.46299783875486,356.27299783875486,-1.0,4.462997838754859,1.81,0.0,1,0,3.3545277770932036,3.0027459040912485,18.91363165397051,19.990853264898128,0.181,6.636666666666666e-06,4.462997838754859,0.00016364325408767816,0.00017027992075434483
20260324_212557,15,1243f3ea60b042fdbc88434d881af68d,flow0.55,1,1,,committed,OK,,,nan,nan,nan,nan,nan,nan,nan,nan,nan,nan,350.0,375.0,351.6631745021893,352.3031745021893,356.08620870549737,1.6631745021892925,0.64,3.783034203308091,1,1,9.737346218516333,9.156940652869183,11.101209970239655,11.447625760866984,0.064,2.3466666666666665e-06,7.337725807151429,0.00026904994626221907,0.00027139661292888573
20260324_212557,15,1c6bea1941b34168aacc7c02ab056c95,flow0.20,1,1,,committed,OK,,,nan,nan,nan,nan,nan,nan,nan,nan,nan,nan,350.0,375.0,351.7456158855678,358.6256158855678,360.5167280883578,1.7456158855678154,6.88,1.8911122027899978,1,1,9.352531353698728,8.642709011779898,11.3272904487549,11.783265884108799,0.688,2.5226666666666663e-05,4.582284189752812,0.00016801708695760313,0.0001932437536242698
20260324_212557,15,f6a73ca3be824ec79e8eb1a7df144f3b,flow0.40,1,1,,committed,OK,,,nan,nan,nan,nan,nan,nan,nan,nan,nan,nan,350.0,375.0,352.8069137529174,356.90691375291743,360.5906872767767,2.80691375291741,4.1,3.6837735238592586,1,1,5.493977070582111,4.221981446667774,14.779073253661133,16.859025314935714,0.4099999999999999,1.503333333333333e-05,8.332574038706298,0.00030552771475256425,0.0003205610480858976
20260324_212557,15,289844ec0a26437c94d3712451eb4be2,flow0.25,1,0,out_of_range,out_of_range,DL,out_of_range,not_scheduled,nan,nan,nan,nan,nan,nan,nan,nan,nan,nan,350.0,375.0,-1.0,-1.0,-1.0,0.0,0.0,0.0,0,0,3.0331658256893657,0.0,19.890355527128136,0.0,0.0,0.0,0.0,0.0,0.0
20260324_212557,15,f66ce8d58fd74b8e9898a1926725a2bf,flow0.54,1,1,,committed,OK,,,nan,nan,nan,nan,nan,nan,nan,nan,nan,nan,350.0,375.0,351.6316813931001,355.04168139310013,356.90113918146443,1.6316813931001093,3.41,1.8594577883642955,1,1,9.819770204448,8.73609719830495,11.054521803288786,11.720115573588364,0.34099999999999997,1.2503333333333331e-05,4.420868075646553,0.00016209849610704025,0.00017460182944037357
20260324_212557,15,3563da5eebb14564a1e40c2c478494fd,flow0.15,1,1,,committed,OK,,,nan,nan,nan,nan,nan,nan,nan,nan,nan,nan,350.0,375.0,353.6482104248834,359.8482104248834,364.91325089800966,3.648210424883416,6.2,5.06504047312626,1,1,4.1597642104358785,3.0138334753427563,16.984636865158482,19.954047276065236,0.62,2.2733333333333335e-05,11.245771134572806,0.0004123449416010029,0.00043507827493433624
20260324_212557,15,60c1aa880f4c4256a96e39f626f1afe5,flow0.17,1,1,,committed,OK,,,nan,nan,nan,nan,nan,nan,nan,nan,nan,nan,350.0,375.0,351.95056556985435,353.15056556985434,356.4540159979053,1.9505655698543478,1.2,3.303450428050951,1,1,8.191977291915855,7.623815461517458,12.103089731688858,12.545975505907638,0.11999999999999998,4.399999999999999e-06,6.905741211930774,0.0002532105111041284,0.0002576105111041284
20260324_212557,15,b7caf7d0566f4f1caa712e1e113ddd2c,flow0.14,1,1,,committed,OK,,,nan,nan,nan,nan,nan,nan,nan,nan,nan,nan,350.0,375.0,353.8660157584007,356.5460157584007,361.3839879876162,3.8660157584006924,2.68,4.837972229215495,1,1,3.9408772435951396,3.119112714036187,17.449949301661107,19.614402748074674,0.268,9.826666666666667e-06,11.122974102223935,0.00040784238374821095,0.00041766905041487764
20260324_212557,15,bb4a42fce1644a59a0b16b59be8c2693,flow0.52,1,1,,committed,OK,,,nan,nan,nan,nan,nan,nan,nan,nan,nan,nan,350.0,375.0,351.9008223252455,354.7708223252455,356.750156095344,1.9008223252454854,2.87,1.979333770098492,1,1,8.356790743717605,8.203030901391191,11.983146237295191,12.094932507393874,0.287,1.0523333333333333e-05,4.869822980393224,0.00017856017594775154,0.00018908350928108488
20260324_212557,16,0c966b5267b542368ec863e61cf59ba2,flow0.19,1,0,out_of_range,out_of_range,UL,,out_of_range,nan,nan,nan,nan,nan,nan,nan,nan,nan,nan,375.0,400.0,378.74365199933555,384.13365199933554,-1.0,3.7436519993355546,5.39,0.0,1,0,4.061394728730585,3.0357470978719197,17.18909542688131,19.881897421359486,0.5389999999999999,1.976333333333333e-05,3.7436519993355546,0.000137267239975637,0.00015703057330897032
20260324_212557,16,1c6bea1941b34168aacc7c02ab056c95,flow0.20,1,1,,committed,OK,,,nan,nan,nan,nan,nan,nan,nan,nan,nan,nan,375.0,400.0,377.35946539079015,384.23946539079014,387.57827983913813,2.359465390790149,6.88,3.338814448347989,1,1,6.496148345566541,4.633836808987117,13.591351867274609,16.0923791177105,0.688,2.5226666666666663e-05,7.3676870633121325,0.00027014852565477817,0.00029537519232144486
20260324_212557,16,1243f3ea60b042fdbc88434d881af68d,flow0.56,1,1,,committed,OK,,,nan,nan,nan,nan,nan,nan,nan,nan,nan,nan,375.0,400.0,378.23936295287155,380.0193629528715,382.98393243828485,3.239362952871545,1.78,2.9645694854133353,1,1,5.157743136359689,5.678757936021375,15.25319309351431,14.53663696696455,0.178,6.526666666666666e-06,7.686217180991548,0.00028182796330302346,0.0002883546299696901
20260324_212557,16,bb4a42fce1644a59a0b16b59be8c2693,flow0.52,1,1,,committed,OK,,,nan,nan,nan,nan,nan,nan,nan,nan,nan,nan,375.0,400.0,378.50957938365303,381.37957938365304,385.7302715800442,3.5095793836530333,2.87,4.350692196391151,1,1,4.305078645315549,3.5106195264603843,16.695524923310344,18.488374983556405,0.287,1.0523333333333333e-05,10.03561767823976,0.00036797264820212456,0.0003784959815354579
20260324_212557,16,60c1aa880f4c4256a96e39f626f1afe5,flow0.17,1,1,,committed,OK,,,nan,nan,nan,nan,nan,nan,nan,nan,nan,nan,375.0,400.0,378.72188064872137,379.92188064872136,384.2832490509127,3.721880648721367,1.2,4.361368402191317,1,1,4.1124923280787815,3.51581185360215,17.081974634540135,18.474717659874138,0.11999999999999998,4.399999999999999e-06,10.263933252008343,0.0003763442192403059,0.0003807442192403059
20260324_212557,16,289844ec0a26437c94d3712451eb4be2,flow0.48,1,1,,committed,OK,,,nan,nan,nan,nan,nan,nan,nan,nan,nan,nan,375.0,400.0,379.55407301151604,383.60407301151605,387.59050063844654,4.554073011516039,4.05,3.9864276269304924,1,1,3.6698529346949966,4.271881465547224,18.082825554113633,16.760270602642542,0.40499999999999997,1.485e-05,10.533714451911777,0.0003862361965700985,0.0004010861965700985
20260324_212557,16,3563da5eebb14564a1e40c2c478494fd,flow0.46,1,1,,committed,OK,,,nan,nan,nan,nan,nan,nan,nan,nan,nan,nan,375.0,400.0,378.89916653687857,381.17916653687854,384.58037287297344,3.8991665368785675,2.28,3.4012063360949014,1,1,4.2280391470506675,4.923253149490476,16.84694364690575,15.61221557113834,0.22799999999999995,8.359999999999998e-06,9.00097604102092,0.00033003578817076705,0.00033839578817076706
20260324_212557,16,b7caf7d0566f4f1caa712e1e113ddd2c,flow0.49,1,1,,committed,OK,,,nan,nan,nan,nan,nan,nan,nan,nan,nan,nan,375.0,400.0,379.69823287546967,383.21823287546965,387.3390941495311,4.698232875469671,3.52,4.12086127406144,1,1,3.5540036706727753,4.115193754811318,18.375183594893088,17.076366966801096,0.352,1.2906666666666666e-05,10.87952478656183,0.0003989159088406005,0.00041182257550726717
20260324_212557,16,f66ce8d58fd74b8e9898a1926725a2bf,flow0.54,1,1,,committed,OK,,,nan,nan,nan,nan,nan,nan,nan,nan,nan,nan,375.0,400.0,377.7068203541057,381.1168203541057,384.56939500730726,2.7068203541056732,3.41,3.452574653201566,1,1,5.688854185377053,4.504070424204565,14.523731847373696,16.322551097494863,0.34099999999999997,1.2503333333333331e-05,7.885682333908022,0.0002891416855766275,0.00030164501890996085
20260324_212557,16,f6a73ca3be824ec79e8eb1a7df144f3b,flow0.47,1,1,,committed,OK,,,nan,nan,nan,nan,nan,nan,nan,nan,nan,nan,375.0,400.0,379.41316904770196,382.66316904770196,386.5371571824889,4.413169047701956,3.25,3.8739881347869414,1,1,3.789491930582362,4.34241751371204,17.79508757829882,16.623590582726884,0.32499999999999996,1.1916666666666666e-05,10.224151249882368,0.00037488554582902015,0.0003868022124956868
20260324_212557,17,0c966b5267b542368ec863e61cf59ba2,flow0.44,1,1,,committed,OK,,,nan,nan,nan,nan,nan,nan,nan,nan,nan,nan,400.0,425.0,402.0572880277692,406.3072880277692,408.1212973531046,2.057288027769175,4.25,1.8140093253354053,1,1,8.074287386250717,9.547853153438218,12.190977268537976,11.210829756086525,0.425,1.5583333333333334e-05,4.778302015772283,0.0001752044072449837,0.00019078774057831703
20260324_212557,17,1243f3ea60b042fdbc88434d881af68d,flow0.76,1,1,,committed,OK,,,nan,nan,nan,nan,nan,nan,nan,nan,nan,nan,400.0,425.0,404.5075884927213,405.5075884927213,409.422762809993,4.507588492721311,1.0,3.915174317271692,1,1,3.7952200862064815,4.468341124452559,17.781653374245813,16.387679533816456,0.09999999999999999,3.666666666666666e-06,10.380349968628849,0.0003806128321830578,0.0003842794988497245
20260324_212557,17,1c6bea1941b34168aacc7c02ab056c95,flow0.86,1,1,,committed,OK,,,nan,nan,nan,nan,nan,nan,nan,nan,nan,nan,400.0,425.0,404.98684610041136,405.66684610041136,410.01092733322895,4.986846100411356,0.68,4.344081232817587,1,1,3.381982594598237,3.9643707290949597,18.836705110906788,17.39816689564855,0.068,2.4933333333333337e-06,11.502967949637736,0.00042177549148671693,0.00042426882482005026
20260324_212557,17,289844ec0a26437c94d3712451eb4be2,flow0.56,1,1,,committed,OK,,,nan,nan,nan,nan,nan,nan,nan,nan,nan,nan,400.0,425.0,401.7835113865082,403.5635113865082,406.5351308623957,1.7835113865082235,1.78,2.9716194758875076,1,1,9.101321769158485,9.82270221872379,11.48255114895183,11.052871827850572,0.178,6.526666666666666e-06,6.240940600339485,0.00022883448867911445,0.00023536115534578112
20260324_212557,17,f6a73ca3be824ec79e8eb1a7df144f3b,flow0.47,1,1,,committed,OK,,,nan,nan,nan,nan,nan,nan,nan,nan,nan,nan,400.0,425.0,402.5254666095815,405.7754666095815,408.03521187914254,2.5254666095814855,3.25,2.2597452695610514,1,1,6.512056482008409,7.392505209569523,13.574740733186928,12.740744407421925,0.32499999999999996,1.1916666666666666e-05,5.915084513923063,0.00021688643217717896,0.00022880309884384562
20260324_212557,17,3563da5eebb14564a1e40c2c478494fd,flow0.59,1,1,,committed,OK,,,nan,nan,nan,nan,nan,nan,nan,nan,nan,nan,400.0,425.0,402.4303314696087,408.5103314696087,410.652382597719,2.4303314696086886,6.08,2.1420511281103245,1,1,6.765250831798726,7.949204852981996,13.31829625949248,12.286516791489431,0.608,2.2293333333333332e-05,5.643408161774175,0.00020692496593171977,0.00022921829926505311
20260324_212557,17,60c1aa880f4c4256a96e39f626f1afe5,flow0.64,1,1,,committed,OK,,,nan,nan,nan,nan,nan,nan,nan,nan,nan,nan,400.0,425.0,403.6393164544936,406.0193164544936,409.07258300638387,3.63931645449361,2.38,3.0532665518902604,1,1,4.647011088692708,5.773582838162721,16.06955197442591,14.416768420236366,0.23799999999999996,8.726666666666666e-06,8.219216282329,0.0003013712636853967,0.00031009793035206336
20260324_212557,17,b7caf7d0566f4f1caa712e1e113ddd2c,flow0.42,1,1,,committed,OK,,,nan,nan,nan,nan,nan,nan,nan,nan,nan,nan,400.0,425.0,401.8608777948439,403.1708777948439,406.5635837958624,1.8608777948438728,1.31,3.392706001018553,1,1,8.726728708922483,9.720715657448551,11.726404890535003,11.11070209308869,0.131,4.803333333333334e-06,6.949936796371702,0.0002548310158669624,0.0002596343492002957
20260324_212557,17,bb4a42fce1644a59a0b16b59be8c2693,flow0.57,1,1,,committed,OK,,,nan,nan,nan,nan,nan,nan,nan,nan,nan,nan,400.0,425.0,402.26535495458614,409.32535495458615,411.21009301549435,2.2653549545861438,7.06,1.8847380609082052,1,1,7.260046357685138,9.158016259040947,12.85644588423758,11.446953481077513,0.7059999999999998,2.588666666666666e-05,5.0924620459484515,0.00018672360835144324,0.00021261027501810991
20260324_212557,17,f66ce8d58fd74b8e9898a1926725a2bf,flow0.46,1,1,,committed,OK,,,nan,nan,nan,nan,nan,nan,nan,nan,nan,nan,400.0,425.0,402.1902085015444,404.4702085015444,406.8779449899783,2.1902085015444186,2.28,2.4077364884338976,1,1,7.50590009153969,8.260081888258728,12.644138180233398,12.053091309336859,0.22799999999999995,8.359999999999998e-06,5.801813234195265,0.00021273315192049306,0.00022109315192049306
20260324_212557,18,0c966b5267b542368ec863e61cf59ba2,flow0.88,1,1,,committed,OK,,,nan,nan,nan,nan,nan,nan,nan,nan,nan,nan,425.0,450.0,429.78653345816383,432.50653345816386,436.6450920415792,4.786533458163831,2.72,4.138558583415318,1,1,3.508561964842235,4.09828416562975,18.493795351726586,17.11155939124408,0.272,9.973333333333335e-06,10.994371333286807,0.00040312694888718293,0.0004131002822205163
20260324_212557,18,1243f3ea60b042fdbc88434d881af68d,flow0.45,1,1,,committed,OK,,,nan,nan,nan,nan,nan,nan,nan,nan,nan,nan,425.0,450.0,426.8820004054146,431.0720004054146,432.9861610036942,1.8820004054146011,4.19,1.9141605982795795,1,1,8.494982390370176,8.48281668809506,11.885279015360137,11.893798647823251,0.419,1.5363333333333332e-05,4.75324130283397,0.00017428551443724556,0.0001896488477705789
20260324_212557,18,1c6bea1941b34168aacc7c02ab056c95,flow0.72,1,1,,committed,OK,,,nan,nan,nan,nan,nan,nan,nan,nan,nan,nan,425.0,450.0,429.0022814607357,432.2522814607357,435.61265662454247,4.002281460735674,3.25,3.3603751638067934,1,1,4.207830470160652,5.089508642978401,16.887350057304346,15.35510161883388,0.32499999999999996,1.1916666666666666e-05,9.042844206445864,0.00033157095423634836,0.000343487620903015
20260324_212557,18,289844ec0a26437c94d3712451eb4be2,flow0.86,1,1,,committed,OK,,,nan,nan,nan,nan,nan,nan,nan,nan,nan,nan,425.0,450.0,427.51167077923424,428.19167077923424,431.8783450145451,2.5116707792342368,0.68,3.686674235310875,1,1,6.628520550973299,7.476365961521901,13.454957164532612,12.669087838450679,0.068,2.4933333333333337e-06,8.041682132200549,0.0002948616781806868,0.0002973550115140201
20260324_212557,18,60c1aa880f4c4256a96e39f626f1afe5,flow0.64,1,1,,committed,OK,,,nan,nan,nan,nan,nan,nan,nan,nan,nan,nan,425.0,450.0,427.0123122372517,429.3923122372517,431.9792104383882,2.012312237251706,2.38,2.586898201136478,1,1,7.706154296763746,6.865761774155739,12.478769788175594,13.220450604426537,0.23799999999999996,8.726666666666666e-06,5.892659538956423,0.00021606418309506883,0.0002247908497617355
20260324_212557,18,3563da5eebb14564a1e40c2c478494fd,flow0.48,1,1,,committed,OK,,,nan,nan,nan,nan,nan,nan,nan,nan,nan,nan,425.0,450.0,426.65532779382164,430.70532779382165,432.5415217003574,1.655327793821641,4.05,1.8361939065357546,1,1,9.609636735443294,9.14721691864244,11.174732547407311,11.45370870963613,0.40499999999999997,1.485e-05,4.409618653625273,0.00016168601729959334,0.00017653601729959335
20260324_212557,18,b7caf7d0566f4f1caa712e1e113ddd2c,flow0.78,1,1,,committed,OK,,,nan,nan,nan,nan,nan,nan,nan,nan,nan,nan,425.0,450.0,427.2391373450469,433.6791373450469,435.6614138321322,2.239137345046913,6.44,1.9822764870853007,1,1,7.438419740816859,8.0988921018466,12.701361658977987,12.172444876063675,0.644,2.3613333333333333e-05,5.212552075674864,0.00019112690944141168,0.00021474024277474502
20260324_212557,18,bb4a42fce1644a59a0b16b59be8c2693,flow0.63,1,1,,committed,OK,,,nan,nan,nan,nan,nan,nan,nan,nan,nan,nan,425.0,450.0,427.09511521400054,430.79511521400053,433.32287124157085,2.0951152140005433,3.7,2.5277560275703195,1,1,7.348561503481773,6.038325447804093,12.778781853244059,14.097183885512173,0.37,1.3566666666666667e-05,5.886749255356023,0.0002158474726963875,0.0002294141393630542
20260324_212557,18,f66ce8d58fd74b8e9898a1926725a2bf,flow0.77,1,1,,committed,OK,,,nan,nan,nan,nan,nan,nan,nan,nan,nan,nan,425.0,450.0,427.1366572842671,429.28665728426705,431.65716422364056,2.1366572842670735,2.15,2.370506939373513,1,1,7.7718796058143615,8.212269319907904,12.425892464977434,12.088127476604738,0.21499999999999997,7.883333333333331e-06,5.692417693327343,0.00020872198208866924,0.00021660531542200257
20260324_212557,18,f6a73ca3be824ec79e8eb1a7df144f3b,flow0.87,1,1,,committed,OK,,,nan,nan,nan,nan,nan,nan,nan,nan,nan,nan,425.0,450.0,429.6316959363179,433.9916959363179,437.79707862721773,4.631695936317897,4.36,3.805382690899819,1,1,3.6350401150579934,4.371796472235978,18.169208934086345,16.567640237344083,0.436,1.5986666666666667e-05,10.339769972667625,0.00037912489899781293,0.0003951115656644796
20260324_212557,19,289844ec0a26437c94d3712451eb4be2,flow0.86,1,1,,committed,OK,,,nan,nan,nan,nan,nan,nan,nan,nan,nan,nan,450.0,475.0,451.8218524527661,452.5018524527661,456.53463852870965,1.8218524527661089,0.68,4.032786075943534,1,1,8.705658904115326,8.18695281134122,11.74058668603782,12.106803104246255,0.068,2.4933333333333337e-06,7.87103156668141,0.00028860449077831835,0.0002910978241116517
20260324_212557,19,0c966b5267b542368ec863e61cf59ba2,flow0.43,1,1,,committed,OK,,,nan,nan,nan,nan,nan,nan,nan,nan,nan,nan,450.0,475.0,452.35072691508475,456.46072691508476,459.331495126164,2.350726915084749,4.11,2.8707682110792234,1,1,6.570870699371986,5.405026768704053,13.51385212561976,14.900186297448993,0.411,1.507e-05,6.656879231703584,0.00024408557182913144,0.0002591555718291314
20260324_212557,19,1243f3ea60b042fdbc88434d881af68d,flow0.49,1,1,,committed,OK,,,nan,nan,nan,nan,nan,nan,nan,nan,nan,nan,450.0,475.0,451.9413548743834,455.4613548743834,457.483242317559,1.9413548743834212,3.52,2.021887443175615,1,1,8.198501508102986,7.946535120565153,12.098273065528794,12.288580518453614,0.352,1.2906666666666666e-05,4.9741860391468435,0.00018238682143538424,0.0001952934881020509
20260324_212557,19,1c6bea1941b34168aacc7c02ab056c95,flow0.56,1,1,,committed,OK,,,nan,nan,nan,nan,nan,nan,nan,nan,nan,nan,450.0,475.0,452.45258192397546,454.23258192397543,457.3964259747629,2.4525819239754583,1.78,3.1638440507874748,1,1,6.304828255327816,5.485990691831222,13.796025633140074,14.789826858402312,0.178,6.526666666666666e-06,7.19834800015667,0.00026393942667241125,0.0002704660933390779
20260324_212557,19,3563da5eebb14564a1e40c2c478494fd,flow0.45,1,1,,committed,OK,,,nan,nan,nan,nan,nan,nan,nan,nan,nan,nan,450.0,475.0,452.2817286406732,456.4717286406732,459.3493070753361,2.2817286406731796,4.19,2.8775784346629507,1,1,6.731348955133577,5.321102462708759,13.35179238059797,15.017229301301121,0.419,1.5363333333333332e-05,6.598096292667606,0.00024193019739781222,0.0002572935307311456
20260324_212557,19,60c1aa880f4c4256a96e39f626f1afe5,flow0.66,1,1,,committed,OK,,,nan,nan,nan,nan,nan,nan,nan,nan,nan,nan,450.0,475.0,454.654679546805,461.26467954680504,464.9001074223158,4.654679546805028,6.61,3.635427875510743,1,1,3.621683272283768,4.617290143731098,18.2026823089328,16.121187907131127,0.661,2.4236666666666668e-05,10.107821360071142,0.0003706201165359419,0.0003948567832026086
20260324_212557,19,b7caf7d0566f4f1caa712e1e113ddd2c,flow0.78,1,1,,committed,OK,,,nan,nan,nan,nan,nan,nan,nan,nan,nan,nan,450.0,475.0,453.2150309125391,459.6550309125391,464.14741987369604,3.2150309125390777,6.44,4.492388961156962,1,1,4.676229724386196,3.3288996299664664,16.019269358040766,18.986297104022654,0.644,2.3613333333333333e-05,9.95361435427452,0.00036496585965673244,0.0003885791929900658
20260324_212557,19,bb4a42fce1644a59a0b16b59be8c2693,flow0.50,1,1,,committed,OK,,,nan,nan,nan,nan,nan,nan,nan,nan,nan,nan,450.0,475.0,451.8651490999795,454.82514909997946,456.8560126943078,1.865149099979476,2.96,2.030863594328366,1,1,8.523218281988264,8.200855282480848,11.86557578596341,12.096536743658776,0.296,1.0853333333333333e-05,4.911444491472025,0.00018008629802064094,0.00019093963135397428
20260324_212557,19,f66ce8d58fd74b8e9898a1926725a2bf,flow0.46,1,1,,committed,OK,,,nan,nan,nan,nan,nan,nan,nan,nan,nan,nan,450.0,475.0,452.1628133689084,454.4428133689084,457.12561438672105,2.1628133689084166,2.28,2.6828010178126647,1,1,7.101672904221344,5.98101378214332,12.999010375274924,14.16456433967651,0.22799999999999995,8.359999999999998e-06,6.187014895627414,0.00022685721283967182,0.00023521721283967183
20260324_212557,19,f6a73ca3be824ec79e8eb1a7df144f3b,flow0.72,1,1,,committed,OK,,,nan,nan,nan,nan,nan,nan,nan,nan,nan,nan,450.0,475.0,451.88371670999146,455.13371670999146,456.83244942854066,1.883716709991461,3.25,1.698732718549195,1,1,8.664458984041273,9.822052785944965,11.76846710993324,11.05323722899287,0.32499999999999996,1.1916666666666666e-05,4.431815787815253,0.00016249991221989262,0.00017441657888655929
20260324_212557,20,0c966b5267b542368ec863e61cf59ba2,flow0.99,1,1,,committed,OK,,,nan,nan,nan,nan,nan,nan,nan,nan,nan,nan,475.0,500.0,478.63321573702956,481.94321573702956,484.8731520320256,3.633215737029559,3.31,2.9299362949960255,1,1,4.655624527083176,5.785211815469437,16.054679836986473,14.402271404977597,0.33099999999999996,1.2136666666666665e-05,8.028120179523597,0.0002943644065825319,0.0003065010732491986
20260324_212557,20,1243f3ea60b042fdbc88434d881af68d,flow0.65,1,1,,committed,OK,,,nan,nan,nan,nan,nan,nan,nan,nan,nan,nan,475.0,500.0,477.7485973482015,479.8585973482015,483.16844279325136,2.7485973482014856,2.11,3.3098454450498593,1,1,5.605737968878757,4.587539243856154,14.631007275454206,16.173377624855448,0.21099999999999997,7.736666666666665e-06,7.713365515776275,0.0002828234022451301,0.00029056006891179677
20260324_212557,20,60c1aa880f4c4256a96e39f626f1afe5,flow0.66,1,1,,committed,OK,,,nan,nan,nan,nan,nan,nan,nan,nan,nan,nan,475.0,500.0,477.46306229822477,484.0730622982248,486.03267874957,2.46306229822477,6.61,1.9596164513451981,1,1,6.733658809676635,8.683318784647994,13.349502144008646,11.75567985676908,0.661,2.4236666666666668e-05,5.402486975242567,0.00019809118909222748,0.00022232785575889414
20260324_212557,20,1c6bea1941b34168aacc7c02ab056c95,flow0.84,1,1,,committed,OK,,,nan,nan,nan,nan,nan,nan,nan,nan,nan,nan,475.0,500.0,477.5340398068277,479.5840398068277,481.9776207232658,2.534039806827707,2.05,2.3935809164380544,1,1,6.589931639023621,7.486248202171245,13.494294012809732,12.660723146548742,0.20499999999999996,7.516666666666665e-06,6.124411181484788,0.0002245617433211089,0.00023207840998777556
20260324_212557,20,289844ec0a26437c94d3712451eb4be2,flow0.59,1,0,out_of_range,out_of_range,UL,,out_of_range,nan,nan,nan,nan,nan,nan,nan,nan,nan,nan,475.0,500.0,479.3512419140385,485.4312419140385,-1.0,4.351241914038496,6.08,0.0,1,0,3.4262576504887563,3.012284079327777,18.71460279262469,19.959178390190814,0.608,2.2293333333333332e-05,4.351241914038496,0.0001595455368480782,0.00018183887018141155
20260324_212557,20,3563da5eebb14564a1e40c2c478494fd,flow0.71,1,1,,committed,OK,,,nan,nan,nan,nan,nan,nan,nan,nan,nan,nan,475.0,500.0,477.03403551721783,478.59403551721783,482.1302903295355,2.0340355172178306,1.56,3.5362548123176794,1,1,7.603821570971954,6.520100739350257,12.562459202972128,13.566364144059632,0.156,5.7199999999999994e-06,7.33841773569435,0.0002690753169754595,0.00027479531697545954
20260324_212557,20,b7caf7d0566f4f1caa712e1e113ddd2c,flow0.44,1,0,out_of_range,out_of_range,DL,out_of_range,not_scheduled,nan,nan,nan,nan,nan,nan,nan,nan,nan,nan,475.0,500.0,-1.0,-1.0,-1.0,0.0,0.0,0.0,0,0,3.031752115982673,0.0,19.894992435154215,0.0,0.0,0.0,0.0,0.0,0.0
20260324_212557,20,bb4a42fce1644a59a0b16b59be8c2693,flow0.86,1,1,,committed,OK,,,nan,nan,nan,nan,nan,nan,nan,nan,nan,nan,475.0,500.0,478.12821492446426,478.80821492446427,483.49202987788055,3.1282149244642596,0.68,4.683814953416288,1,1,4.796326857842291,4.0859773875598195,15.81744151235512,17.137309635526023,0.068,2.4933333333333337e-06,10.153937354588692,0.0003723110363349187,0.000374804369668252
20260324_212557,20,f6a73ca3be824ec79e8eb1a7df144f3b,flow0.72,1,1,,committed,OK,,,nan,nan,nan,nan,nan,nan,nan,nan,nan,nan,475.0,500.0,477.33572239338537,480.58572239338537,483.44429255288736,2.3357223933853675,3.25,2.858570159501994,1,1,6.562382242175082,5.346632437335099,13.522589401207405,14.981333038451645,0.32499999999999996,1.1916666666666666e-05,6.623577632638359,0.00024286451319673982,0.0002547811798634065
20260324_212557,20,f66ce8d58fd74b8e9898a1926725a2bf,flow0.56,1,0,out_of_range,out_of_range,UL,,out_of_range,nan,nan,nan,nan,nan,nan,nan,nan,nan,nan,475.0,500.0,479.85429916531217,481.63429916531214,-1.0,4.85429916531217,1.78,0.0,1,0,3.1434737351628015,3.0120627504379507,19.53825192257527,19.95991168528005,0.178,6.526666666666666e-06,4.85429916531217,0.00017799096939477956,0.00018451763606144622
20260324_212557,21,0c966b5267b542368ec863e61cf59ba2,flow0.67,1,1,,committed,OK,,,nan,nan,nan,nan,nan,nan,nan,nan,nan,nan,500.0,525.0,504.916631563276,508.716631563276,512.6924721960951,4.916631563275985,3.8,3.975840632819086,1,1,3.449826035467003,4.2617783143696295,18.65056639349828,16.780125144320454,0.37999999999999995,1.3933333333333331e-05,10.880392512504613,0.0003989477254585025,0.0004128810587918358
20260324_212557,21,1243f3ea60b042fdbc88434d881af68d,flow0.83,1,1,,committed,OK,,,nan,nan,nan,nan,nan,nan,nan,nan,nan,nan,500.0,525.0,503.00707726336384,505.41707726336386,509.14264423235556,3.00707726336384,2.41,3.7255669689917,1,1,4.97367388925251,4.0868363755905435,15.53287938369586,17.13550854586881,0.241,8.836666666666666e-06,8.59542771685139,0.0003151656829512176,0.0003240023496178843
20260324_212557,21,1c6bea1941b34168aacc7c02ab056c95,flow0.96,1,1,,committed,OK,,,nan,nan,nan,nan,nan,nan,nan,nan,nan,nan,500.0,525.0,502.3200251627841,503.6900251627841,507.656524766418,2.320025162784077,1.37,3.966499603633906,1,1,6.606488118305726,5.569381705569019,13.477374421981926,14.678684334686876,0.137,5.023333333333333e-06,8.269774568234936,0.0003032250675019476,0.00030824840083528094
20260324_212557,21,289844ec0a26437c94d3712451eb4be2,flow0.92,1,1,,committed,OK,,,nan,nan,nan,nan,nan,nan,nan,nan,nan,nan,500.0,525.0,502.26303932232156,504.19303932232157,506.9223304880828,2.2630393223215606,1.93,2.7292911657612535,1,1,7.3559166393745725,8.057862386728363,12.772391542670753,12.203395875999629,0.19299999999999998,7.076666666666666e-06,6.356976070963441,0.00023308912260199284,0.00024016578926865952
20260324_212557,21,3563da5eebb14564a1e40c2c478494fd,flow0.89,1,1,,committed,OK,,,nan,nan,nan,nan,nan,nan,nan,nan,nan,nan,500.0,525.0,501.9565098655214,507.99650986552143,510.1174545568456,1.9565098655214115,6.04,2.120944691324155,1,1,8.161973059817527,7.2641202593348515,12.125315410725776,12.852840269261675,0.604,2.2146666666666666e-05,5.137926902507644,0.00018839065309194693,0.00021053731975861358
20260324_212557,21,60c1aa880f4c4256a96e39f626f1afe5,flow0.98,1,1,,committed,OK,,,nan,nan,nan,nan,nan,nan,nan,nan,nan,nan,500.0,525.0,502.09796938631627,506.2079693863163,508.87013319782085,2.097969386316265,4.11,2.66216381150457,1,1,7.337802420027652,6.028072484015917,12.788146892759086,14.109167526092197,0.411,1.507e-05,6.09121510357312,0.00022334455379768105,0.00023841455379768105
20260324_212557,21,f6a73ca3be824ec79e8eb1a7df144f3b,flow0.72,1,0,out_of_range,out_of_range,DL,out_of_range,not_scheduled,nan,nan,nan,nan,nan,nan,nan,nan,nan,nan,500.0,525.0,-1.0,-1.0,-1.0,0.0,0.0,0.0,0,0,3.0645577495196688,0.0,19.788219456071253,0.0,0.0,0.0,0.0,0.0,0.0
20260324_212557,21,b7caf7d0566f4f1caa712e1e113ddd2c,flow0.90,1,1,,committed,OK,,,nan,nan,nan,nan,nan,nan,nan,nan,nan,nan,500.0,525.0,501.7418465682801,504.8618465682801,506.8511863495787,1.7418465682800957,3.12,1.9893397812986109,1,1,9.009866650858209,8.146703240850979,11.54068112377986,12.13667366737874,0.312,1.1439999999999999e-05,4.725856240228012,0.00017328139547502709,0.00018472139547502707
20260324_212557,21,bb4a42fce1644a59a0b16b59be8c2693,flow0.109,1,1,,committed,OK,,,nan,nan,nan,nan,nan,nan,nan,nan,nan,nan,500.0,525.0,503.15895731278795,505.09895731278795,507.7600780255003,3.1589573127879476,1.94,2.661120712712375,1,1,5.4117798948450515,6.239486016360063,14.890886746296708,13.868076068371412,0.19399999999999998,7.113333333333332e-06,7.15063838185651,0.00026219007400140535,0.00026930340733473867
20260324_212557,21,f66ce8d58fd74b8e9898a1926725a2bf,flow0.106,1,1,,committed,OK,,,nan,nan,nan,nan,nan,nan,nan,nan,nan,nan,500.0,525.0,502.670901282316,508.140901282316,510.32221091475014,2.670901282315981,5.47,2.181309632434136,1,1,6.227926852323788,7.717286835256332,13.880939823620803,12.469765942401112,0.5469999999999999,2.0056666666666664e-05,5.942865730967185,0.0002179050768021301,0.00023796174346879675
20260324_212557,22,0c966b5267b542368ec863e61cf59ba2,flow0.99,1,0,out_of_range,out_of_range,UL,,out_of_range,nan,nan,nan,nan,nan,nan,nan,nan,nan,nan,525.0,550.0,529.6012451833618,532.9112451833618,-1.0,4.6012451833618115,3.31,0.0,1,0,3.263776343736493,0.0,19.174781680971666,0.0,0.33099999999999996,1.2136666666666665e-05,4.6012451833618115,0.00016871232338993308,0.00018084899005659975
20260324_212557,22,bb4a42fce1644a59a0b16b59be8c2693,flow0.109,1,1,,committed,OK,,,nan,nan,nan,nan,nan,nan,nan,nan,nan,nan,525.0,550.0,526.6486992270615,528.5886992270615,531.8576315686117,1.6486992270614564,1.94,3.268932341550226,1,1,9.601138010049876,8.535044453034102,11.179677272495283,11.85735245615637,0.19399999999999998,7.113333333333332e-06,6.552097739386795,0.0002402435837775158,0.00024735691711084913
20260324_212557,22,1243f3ea60b042fdbc88434d881af68d,flow0.87,1,0,out_of_range,out_of_range,UL,,out_of_range,nan,nan,nan,nan,nan,nan,nan,nan,nan,nan,525.0,550.0,528.9162641305173,533.2762641305173,-1.0,3.916264130517334,4.36,0.0,1,0,3.8942137074273675,3.0407502775888244,17.554187484595992,19.86553408204464,0.436,1.5986666666666667e-05,3.916264130517334,0.00014359635145230222,0.0001595830181189689
20260324_212557,22,1c6bea1941b34168aacc7c02ab056c95,flow0.105,1,1,,committed,OK,,,nan,nan,nan,nan,nan,nan,nan,nan,nan,nan,525.0,550.0,529.1713507331057,535.6113507331057,538.6557001352165,4.171350733105669,6.44,3.044349402110811,1,1,4.137981309352754,5.678406322907075,17.02928291538831,14.537087022207459,0.644,2.3613333333333333e-05,8.737874836271885,0.0003203887439966358,0.00034400207732996913
20260324_212557,22,289844ec0a26437c94d3712451eb4be2,flow0.94,1,1,,committed,OK,,,nan,nan,nan,nan,nan,nan,nan,nan,nan,nan,525.0,550.0,526.9316062624998,530.6516062624999,532.6806174164179,1.9316062624998267,3.72,2.029011153918077,1,1,8.237101745293577,7.9885467510063775,12.069892658632456,12.256225206208759,0.372,1.364e-05,4.975122993376942,0.00018242117642382124,0.00019606117642382125
20260324_212557,22,3563da5eebb14564a1e40c2c478494fd,flow0.96,1,0,out_of_range,out_of_range,DL,out_of_range,not_scheduled,nan,nan,nan,nan,nan,nan,nan,nan,nan,nan,525.0,550.0,-1.0,-1.0,-1.0,0.0,0.0,0.0,0,0,3.0815849547126373,0.0,19.73347412149898,0.0,0.0,0.0,0.0,0.0,0.0
20260324_212557,22,60c1aa880f4c4256a96e39f626f1afe5,flow0.66,1,1,,committed,OK,,,nan,nan,nan,nan,nan,nan,nan,nan,nan,nan,525.0,550.0,528.5402001048992,535.1502001048992,540.095723820962,3.5402001048992133,6.61,4.94552371606278,1,1,4.281580867297871,3.0252031008551223,16.74127565952586,19.916515315328894,0.661,2.4236666666666668e-05,10.958485678993384,0.0004018111415630907,0.00042604780822975735
20260324_212557,22,b7caf7d0566f4f1caa712e1e113ddd2c,flow0.110,1,1,,committed,OK,,,nan,nan,nan,nan,nan,nan,nan,nan,nan,nan,525.0,550.0,530.0132429935392,532.8732429935392,536.9339945384602,5.013242993539166,2.86,4.060751544921004,1,1,3.479575812194758,4.110071980054093,18.5706656697136,17.087003529267903,0.286,1.0486666666666666e-05,11.104370310920672,0.00040716024473375794,0.0004176469114004246
20260324_212557,22,f66ce8d58fd74b8e9898a1926725a2bf,flow0.95,1,0,out_of_range,out_of_range,DL,out_of_range,not_scheduled,nan,nan,nan,nan,nan,nan,nan,nan,nan,nan,525.0,550.0,-1.0,-1.0,-1.0,0.0,0.0,0.0,0,0,3.0075800647911075,0.0,19.97478089791994,0.0,0.0,0.0,0.0,0.0,0.0
20260324_212557,22,f6a73ca3be824ec79e8eb1a7df144f3b,flow0.89,1,1,,committed,OK,,,nan,nan,nan,nan,nan,nan,nan,nan,nan,nan,525.0,550.0,528.7374314240272,534.7774314240272,539.550493237442,3.7374314240272497,6.04,4.773061813414756,1,1,4.112053014284304,3.1909223524248564,17.082887091972662,19.39244216500851,0.604,2.2146666666666666e-05,10.897024144149384,0.00039955755195214413,0.0004217042186188108
20260324_212557,23,0c966b5267b542368ec863e61cf59ba2,flow0.118,1,1,,committed,OK,,,nan,nan,nan,nan,nan,nan,nan,nan,nan,nan,550.0,575.0,552.1820103022388,556.0320103022389,558.0507542710167,2.1820103022388366,3.85,2.0187439687778124,1,1,7.6224569710775825,8.185478614474079,12.547093441274798,12.107893266992193,0.38499999999999995,1.4116666666666665e-05,5.210126255405555,0.0001910379626982037,0.00020515462936487037
20260324_212557,23,1243f3ea60b042fdbc88434d881af68d,flow0.106,1,1,,committed,OK,,,nan,nan,nan,nan,nan,nan,nan,nan,nan,nan,550.0,575.0,553.4212879421539,558.8912879421539,563.4952709548947,3.4212879421538673,5.47,4.603983012740855,1,1,4.415645219265429,3.2577399937135447,16.485174056320773,19.192538181895387,0.5469999999999999,2.0056666666666664e-05,10.32726246126515,0.0003786662902463888,0.0003987229569130555
20260324_212557,23,1c6bea1941b34168aacc7c02ab056c95,flow0.115,1,1,,committed,OK,,,nan,nan,nan,nan,nan,nan,nan,nan,nan,nan,550.0,575.0,553.5700250346306,559.7700250346306,562.38122182073,3.5700250346305893,6.2,2.6111967860994127,1,1,4.7348780582395795,6.516672431650335,15.91974927720096,13.569932188622992,0.62,2.2733333333333335e-05,7.486820213779708,0.00027451674117192265,0.000297250074505256
20260324_212557,23,289844ec0a26437c94d3712451eb4be2,flow0.105,1,1,,committed,OK,,,nan,nan,nan,nan,nan,nan,nan,nan,nan,nan,550.0,575.0,551.9576119376754,558.3976119376755,560.6287882476942,1.9576119376754377,6.44,2.231176310018668,1,1,8.202466694705485,6.963952864722389,12.095348475217573,13.12691616252033,0.644,2.3613333333333333e-05,5.30437640270344,0.00019449380143245947,0.0002181071347657928
20260324_212557,23,3563da5eebb14564a1e40c2c478494fd,flow0.92,1,0,out_of_range,out_of_range,UL,,out_of_range,nan,nan,nan,nan,nan,nan,nan,nan,nan,nan,550.0,575.0,554.161305705632,556.091305705632,-1.0,4.161305705632003,1.93,0.0,1,0,3.574349201942342,3.018155771070731,18.32281232781981,19.93975407839384,0.19299999999999998,7.076666666666666e-06,4.161305705632003,0.00015258120920650677,0.00015965787587317342
20260324_212557,23,60c1aa880f4c4256a96e39f626f1afe5,flow0.101,1,1,,committed,OK,,,nan,nan,nan,nan,nan,nan,nan,nan,nan,nan,550.0,575.0,552.1595306283837,558.6895306283836,561.6092852563224,2.1595306283836635,6.53,2.9197546279388007,1,1,7.113380313598054,5.2521974953222985,12.988308894519793,15.115415817467643,0.653,2.3943333333333335e-05,6.5391625702918645,0.00023976929424403504,0.00026371262757736837
20260324_212557,23,b7caf7d0566f4f1caa712e1e113ddd2c,flow0.119,1,1,,committed,OK,,,nan,nan,nan,nan,nan,nan,nan,nan,nan,nan,550.0,575.0,552.3091450748027,557.6991450748027,559.653658448159,2.3091450748027,5.39,1.954513373356349,1,1,7.217874257305232,8.212686261326835,12.893949562908102,12.087820627856853,0.5389999999999999,1.976333333333333e-05,5.240915134837223,0.00019216688827736487,0.0002119302216106982
20260324_212557,23,bb4a42fce1644a59a0b16b59be8c2693,flow0.111,1,1,,committed,OK,,,nan,nan,nan,nan,nan,nan,nan,nan,nan,nan,550.0,575.0,552.5957378077958,555.0757378077958,557.2881762922951,2.5957378077957856,2.48,2.21243848449933,1,1,6.42463008252827,7.5813575576868475,13.66679120667252,12.581057093334518,0.24799999999999997,9.093333333333332e-06,5.914395534544781,0.00021686116959997528,0.0002259545029333086
20260324_212557,23,f66ce8d58fd74b8e9898a1926725a2bf,flow0.100,1,1,,committed,OK,,,nan,nan,nan,nan,nan,nan,nan,nan,nan,nan,550.0,575.0,552.2965808767833,553.8965808767833,556.7493401167659,2.2965808767833096,1.6,2.8527592399825608,1,1,6.674778915564423,5.822929065282,13.408252514052503,14.355551225829732,0.16,5.866666666666667e-06,6.575719736757151,0.0002411097236810955,0.0002469763903477622
20260324_212557,23,f6a73ca3be824ec79e8eb1a7df144f3b,flow0.112,1,1,,committed,OK,,,nan,nan,nan,nan,nan,nan,nan,nan,nan,nan,550.0,575.0,553.0087468482483,557.2087468482483,559.6663727814681,3.008746848248279,4.2,2.457625933219788,1,1,5.688906288022171,7.00033944220446,14.523665338405142,13.092755972725687,0.42,1.5399999999999998e-05,6.695185748077961,0.0002454901440961919,0.0002608901440961919
20260324_212557,24,0c966b5267b542368ec863e61cf59ba2,flow0.114,1,1,,committed,OK,,,nan,nan,nan,nan,nan,nan,nan,nan,nan,nan,575.0,600.0,576.6313748259815,579.3113748259815,581.3076947447182,1.6313748259815384,2.68,1.9963199187367309,1,1,9.786699699321195,8.599115685088094,11.073183370400525,11.813095834451572,0.268,9.826666666666667e-06,4.625854704086635,0.0001696146724831766,0.00017944133914984327
20260324_212557,24,1243f3ea60b042fdbc88434d881af68d,flow0.104,1,0,out_of_range,out_of_range,UL,,out_of_range,nan,nan,nan,nan,nan,nan,nan,nan,nan,nan,575.0,600.0,579.2193637423427,582.8993637423426,-1.0,4.2193637423426935,3.68,0.0,1,0,3.5298961734888286,3.065499696650167,18.437823670136787,19.785179023767846,0.368,1.3493333333333332e-05,4.2193637423426935,0.00015471000388589875,0.00016820333721923207
20260324_212557,24,1c6bea1941b34168aacc7c02ab056c95,flow0.116,1,0,out_of_range,out_of_range,UL,,out_of_range,nan,nan,nan,nan,nan,nan,nan,nan,nan,nan,575.0,600.0,578.7428687179588,584.0228687179588,-1.0,3.7428687179587996,5.28,0.0,1,0,4.0555446553522705,3.0319026201086743,17.20148848884941,19.894498633739147,0.528,1.936e-05,3.7428687179587996,0.0001372385196584893,0.00015659851965848932
20260324_212557,24,f66ce8d58fd74b8e9898a1926725a2bf,flow0.100,1,0,out_of_range,out_of_range,DL,out_of_range,not_scheduled,nan,nan,nan,nan,nan,nan,nan,nan,nan,nan,575.0,600.0,-1.0,-1.0,-1.0,0.0,0.0,0.0,0,0,3.0235180025635366,0.0,19.92206458128758,0.0,0.0,0.0,0.0,0.0,0.0
20260324_212557,24,289844ec0a26437c94d3712451eb4be2,flow0.120,1,1,,committed,OK,,,nan,nan,nan,nan,nan,nan,nan,nan,nan,nan,575.0,600.0,579.5796201693635,586.4596201693635,589.7171090601953,4.579620169363466,6.88,3.257488890831837,1,1,3.729205832815499,5.227639565143312,17.938348026158565,15.150878131895233,0.688,2.5226666666666663e-05,9.465853505611221,0.0003470812952057448,0.00037230796187241147
20260324_212557,24,3563da5eebb14564a1e40c2c478494fd,flow0.129,1,1,,committed,OK,,,nan,nan,nan,nan,nan,nan,nan,nan,nan,nan,575.0,600.0,577.5713730364035,579.3813730364035,581.7667837563789,2.5713730364035428,1.81,2.3854107199754253,1,1,6.458461391407794,7.211573983154851,13.63094888300716,12.899580627815944,0.181,6.636666666666666e-06,6.149489116366681,0.00022548126760011162,0.00023211793426677828
20260324_212557,24,60c1aa880f4c4256a96e39f626f1afe5,flow0.126,1,1,,committed,OK,,,nan,nan,nan,nan,nan,nan,nan,nan,nan,nan,575.0,600.0,577.3495787426978,577.7195787426978,581.5993555552042,2.3495787426977586,0.37,3.8797768125064067,1,1,7.084649204220505,7.751554489504916,13.014618662352863,12.442172578253741,0.037,1.3566666666666667e-06,8.169243961457369,0.00029953894525343685,0.00030089561192010353
20260324_212557,24,b7caf7d0566f4f1caa712e1e113ddd2c,flow0.110,1,1,,committed,OK,,,nan,nan,nan,nan,nan,nan,nan,nan,nan,nan,575.0,600.0,576.9525813388195,579.8125813388195,582.0236293211236,1.9525813388195274,2.86,2.2110479823040805,1,1,8.175828338556409,7.210702292648574,12.115036888847706,12.900360309301997,0.286,1.0486666666666666e-05,5.269153312275648,0.00019320228811677378,0.00020368895478344045
20260324_212557,24,bb4a42fce1644a59a0b16b59be8c2693,flow0.115,1,1,,committed,OK,,,nan,nan,nan,nan,nan,nan,nan,nan,nan,nan,575.0,600.0,576.6630379802236,582.8630379802237,584.7719873584338,1.6630379802236348,6.2,1.9089493782100817,1,1,9.744728460858624,8.45837398742106,11.09700424252677,11.910971383271239,0.62,2.2733333333333335e-05,4.526462047538757,0.0001659702750764211,0.00018870360840975443
20260324_212557,24,f6a73ca3be824ec79e8eb1a7df144f3b,flow0.105,1,0,out_of_range,out_of_range,UL,,out_of_range,nan,nan,nan,nan,nan,nan,nan,nan,nan,nan,575.0,600.0,578.9791673854251,585.4191673854251,-1.0,3.9791673854250575,6.44,0.0,1,0,3.836327275041382,3.047658474990395,17.68612940309998,19.843006477858268,0.644,2.3613333333333333e-05,3.9791673854250575,0.0001459028041322521,0.00016951613746558545
20260324_212557,25,0c966b5267b542368ec863e61cf59ba2,flow0.130,1,1,,committed,OK,,,nan,nan,nan,nan,nan,nan,nan,nan,nan,nan,600.0,625.0,604.0059686338717,609.1059686338717,612.3213841892791,4.005968633871703,5.1,3.2154155554073895,1,1,4.208668271472518,5.436914090232238,16.88566912793468,14.856427491909438,0.5099999999999999,1.8699999999999997e-05,8.829091966982787,0.00032373337212270216,0.0003424333721227022
20260324_212557,25,bb4a42fce1644a59a0b16b59be8c2693,flow0.115,1,1,,committed,OK,,,nan,nan,nan,nan,nan,nan,nan,nan,nan,nan,600.0,625.0,602.5856156636228,608.7856156636228,612.3245269708647,2.585615663622775,6.2,3.5389113072418468,1,1,5.945641001431358,4.26436678939428,14.206636928602153,16.775031594649924,0.62,2.2733333333333335e-05,7.893982624485545,0.00028944602956447,0.0003121793628978034
20260324_212557,25,1243f3ea60b042fdbc88434d881af68d,flow0.123,1,1,,committed,OK,,,nan,nan,nan,nan,nan,nan,nan,nan,nan,nan,600.0,625.0,602.4624096440883,613.0724096440883,615.095474062557,2.462409644088325,10.61,2.023064418468607,1,1,6.790232602508381,7.811545670377287,13.293774182887237,12.394303739060584,1.061,3.890333333333333e-05,5.497006271791236,0.0002015568966323453,0.00024046022996567865
20260324_212557,25,1c6bea1941b34168aacc7c02ab056c95,flow0.121,1,1,,committed,OK,,,nan,nan,nan,nan,nan,nan,nan,nan,nan,nan,600.0,625.0,602.1820944933227,606.5520944933227,608.5510455392994,2.1820944933226656,4.37,1.9989510459766962,1,1,7.621558702373139,8.185945446668175,12.547832812953395,12.107548014571124,0.437,1.6023333333333333e-05,5.18052106228771,0.00018995243895054934,0.00020597577228388268
20260324_212557,25,289844ec0a26437c94d3712451eb4be2,flow0.120,1,1,,committed,OK,,,nan,nan,nan,nan,nan,nan,nan,nan,nan,nan,600.0,625.0,602.0681053605516,608.9481053605516,611.069765502764,2.0681053605516126,6.88,2.121660142212363,1,1,7.989973118014299,7.450100399313053,12.255131169013534,12.69140082238481,0.688,2.5226666666666663e-05,5.250595573870157,0.00019252183770857243,0.0002177485043752391
20260324_212557,25,3563da5eebb14564a1e40c2c478494fd,flow0.131,1,1,,committed,OK,,,nan,nan,nan,nan,nan,nan,nan,nan,nan,nan,600.0,625.0,604.1625947110424,606.1025947110425,609.8435569746118,4.162594711042402,1.94,3.7409622635693722,1,1,4.057211795863948,4.594993150539575,17.19795401168853,16.16025423448954,0.19399999999999998,7.113333333333332e-06,9.77403810639646,0.0003583813972345369,0.0003654947305678702
20260324_212557,25,60c1aa880f4c4256a96e39f626f1afe5,flow0.111,1,1,,committed,OK,,,nan,nan,nan,nan,nan,nan,nan,nan,nan,nan,600.0,625.0,603.84121629901,606.32121629901,611.1248405739062,3.841216299009943,2.48,4.803624274896265,1,1,3.964645150706397,3.1313286196138717,17.397564759084602,19.57610561181822,0.24799999999999997,9.093333333333332e-06,11.04665271135434,0.00040504393274965914,0.00041413726608299247
20260324_212557,25,b7caf7d0566f4f1caa712e1e113ddd2c,flow0.125,1,1,,committed,OK,,,nan,nan,nan,nan,nan,nan,nan,nan,nan,nan,600.0,625.0,602.7954938643799,604.4954938643799,606.8930030964705,2.795493864379864,1.7,2.397509232090556,1,1,5.955063225185704,6.885878258939685,14.195393462574215,13.201125290771945,0.16999999999999998,6.233333333333333e-06,6.391757712515698,0.00023436444945890896,0.0002405977827922423
20260324_212557,25,f66ce8d58fd74b8e9898a1926725a2bf,flow0.114,1,1,,committed,OK,,,nan,nan,nan,nan,nan,nan,nan,nan,nan,nan,600.0,625.0,602.7686932971671,605.4486932971671,608.8586585886335,2.7686932971671467,2.68,3.409965291466392,1,1,5.566656657478311,4.556672879904997,14.682276726768837,16.228063447318696,0.268,9.826666666666667e-06,7.883641234366735,0.0002890668452601136,0.0002988935119267803
20260324_212557,25,f6a73ca3be824ec79e8eb1a7df144f3b,flow0.68,1,1,,committed,OK,,,nan,nan,nan,nan,nan,nan,nan,nan,nan,nan,600.0,625.0,602.0789019713126,603.1189019713125,605.9452747591691,2.0789019713125754,1.04,2.8263727878565987,1,1,7.9257842306991035,8.836005035510885,12.304656674786452,11.653668115650644,0.104,3.813333333333333e-06,6.3184611530974735,0.00023167690894690735,0.00023549024228024067
20260324_212557,26,0c966b5267b542368ec863e61cf59ba2,flow0.146,1,1,,committed,OK,,,nan,nan,nan,nan,nan,nan,nan,nan,nan,nan,625.0,650.0,628.1325343761617,630.4125343761617,633.116947968631,3.1325343761617432,2.28,2.7044135924693364,1,1,5.454907114786472,6.482900835591047,14.831905272218435,13.605231431846796,0.22799999999999995,8.359999999999998e-06,7.189154764865748,0.00026360234137841077,0.0002719623413784108
20260324_212557,26,1c6bea1941b34168aacc7c02ab056c95,flow0.121,1,1,,committed,OK,,,nan,nan,nan,nan,nan,nan,nan,nan,nan,nan,625.0,650.0,628.3153818705126,632.6853818705126,636.9881420991418,3.315381870512624,4.37,4.302760228629154,1,1,4.545611012806298,3.5408278568204667,16.247797164201096,18.409339899395235,0.437,1.6023333333333333e-05,9.769522213456355,0.0003582158144933997,0.000374239147826733
20260324_212557,26,1243f3ea60b042fdbc88434d881af68d,flow0.132,1,1,,committed,OK,,,nan,nan,nan,nan,nan,nan,nan,nan,nan,nan,625.0,650.0,627.6849002498357,629.4149002498357,631.9335600110549,2.684900249835664,1.73,2.518659761219169,1,1,6.1760948997822425,7.027172893790457,13.939064982227737,13.06773454052102,0.173,6.343333333333333e-06,6.4628898916644175,0.00023697262936102863,0.00024331596269436197
20260324_212557,26,289844ec0a26437c94d3712451eb4be2,flow0.126,1,1,,committed,OK,,,nan,nan,nan,nan,nan,nan,nan,nan,nan,nan,625.0,650.0,628.9094769147318,629.2794769147318,634.139599165938,3.9094769147318402,0.37,4.860122251206121,1,1,3.9000034342317784,3.260472713044654,17.541152663016142,19.184493517988017,0.037,1.3566666666666667e-06,11.199660291541022,0.00041065421068983747,0.00041201087735650416
20260324_212557,26,3563da5eebb14564a1e40c2c478494fd,flow0.120,1,0,out_of_range,out_of_range,UL,,out_of_range,nan,nan,nan,nan,nan,nan,nan,nan,nan,nan,625.0,650.0,628.5600937796854,635.4400937796854,-1.0,3.560093779685417,6.88,0.0,1,0,4.255348911964942,3.068952370960212,16.79279689682093,19.77404639687251,0.688,2.5226666666666663e-05,3.560093779685417,0.00013053677192179862,0.00015576343858846528
20260324_212557,26,60c1aa880f4c4256a96e39f626f1afe5,flow0.129,1,1,,committed,OK,,,nan,nan,nan,nan,nan,nan,nan,nan,nan,nan,625.0,650.0,626.9697380021258,628.7797380021258,631.591495919978,1.9697380021258368,1.81,2.811757917852219,1,1,8.078923726313812,7.951567678376112,12.187478681986361,12.284691173446356,0.181,6.636666666666666e-06,6.187374878904166,0.00022687041222648607,0.00023350707889315274
20260324_212557,26,b7caf7d0566f4f1caa712e1e113ddd2c,flow0.124,1,1,,committed,OK,,,nan,nan,nan,nan,nan,nan,nan,nan,nan,nan,625.0,650.0,627.7238025835143,631.8038025835143,635.3743074871732,2.7238025835142707,4.08,3.5705049036588434,1,1,5.654848345301682,4.3368981008424115,14.567336147898523,16.634165339583472,0.408,1.4959999999999999e-05,8.079559939002536,0.00029625053109675963,0.00031121053109675964
20260324_212557,26,bb4a42fce1644a59a0b16b59be8c2693,flow0.122,1,1,,committed,OK,,,nan,nan,nan,nan,nan,nan,nan,nan,nan,nan,625.0,650.0,628.0985140309909,630.3685140309909,634.1307139485117,3.098514030990941,2.27,3.7621999175207748,1,1,4.838295572779758,3.993234538160905,15.748689661673087,17.33517433737205,0.22699999999999998,8.323333333333332e-06,8.741813907272103,0.0003205331765999771,0.00032885650993331046
20260324_212557,26,f66ce8d58fd74b8e9898a1926725a2bf,flow0.149,1,1,,committed,OK,,,nan,nan,nan,nan,nan,nan,nan,nan,nan,nan,625.0,650.0,629.6224053227602,633.1424053227602,637.0778442316362,4.622405322760187,3.52,3.9354389088759945,1,1,3.646276417189745,4.350225994687749,18.141192374119882,16.60866454302296,0.352,1.2906666666666666e-05,10.525563686074179,0.00038593733515605323,0.0003988440018227199
20260324_212557,26,f6a73ca3be824ec79e8eb1a7df144f3b,flow0.68,1,1,,committed,OK,,,nan,nan,nan,nan,nan,nan,nan,nan,nan,nan,625.0,650.0,626.9423177203329,627.9823177203328,631.5553973847548,1.9423177203328805,1.04,3.5730796644219254,1,1,8.20781453412881,8.133813572518935,12.091407443115415,12.146286364370077,0.104,3.813333333333333e-06,7.301937216965769,0.0002677376979554115,0.00027155103128874485
20260324_212557,27,0c966b5267b542368ec863e61cf59ba2,flow0.144,1,1,,committed,OK,,,nan,nan,nan,nan,nan,nan,nan,nan,nan,nan,650.0,675.0,654.0771444974455,658.3271444974455,661.5149988901857,4.077144497445488,4.25,3.187854392740178,1,1,4.245539355952658,5.428668320932718,16.812186051334674,14.867706150275625,0.425,1.5583333333333334e-05,8.858926086555755,0.0003248272898403777,0.000340410623173711
20260324_212557,27,1243f3ea60b042fdbc88434d881af68d,flow0.132,1,1,,committed,OK,,,nan,nan,nan,nan,nan,nan,nan,nan,nan,nan,650.0,675.0,651.8886309206082,653.6186309206082,656.9498143495241,1.8886309206081933,1.73,3.3311834289158924,1,1,8.376489772476525,8.200046851998662,11.969047533907084,12.097133018789357,0.173,6.343333333333333e-06,6.885406063982032,0.0002524648890126745,0.00025880822234600784
20260324_212557,27,1c6bea1941b34168aacc7c02ab056c95,flow0.157,1,1,,committed,OK,,,nan,nan,nan,nan,nan,nan,nan,nan,nan,nan,650.0,675.0,655.0013990994486,662.0613990994485,665.6033894014622,5.001399099448577,7.06,3.541990302013687,1,1,3.487957918265376,4.829171221684868,18.54833814667353,15.763560615225964,0.7059999999999998,2.588666666666666e-05,10.314384552469107,0.0003781941002572006,0.00040408076692386726
20260324_212557,27,289844ec0a26437c94d3712451eb4be2,flow0.148,1,1,,committed,OK,,,nan,nan,nan,nan,nan,nan,nan,nan,nan,nan,650.0,675.0,652.3604291157823,656.4104291157822,658.5059834598231,2.360429115782267,4.05,2.09555434404092,1,1,7.032768798586734,8.23603758640336,13.062534572155375,12.070672394553636,0.40499999999999997,1.485e-05,5.503760631843647,0.00020180455650093375,0.00021665455650093376
20260324_212557,27,3563da5eebb14564a1e40c2c478494fd,flow0.128,1,1,,committed,OK,,,nan,nan,nan,nan,nan,nan,nan,nan,nan,nan,650.0,675.0,653.9103180761514,656.9203180761514,661.8963745380257,3.910318076151384,3.01,4.97605646187435,1,1,3.899176494705806,3.0849642041402707,17.543012633126143,19.72266320148192,0.30099999999999993,1.1036666666666664e-05,11.37440276896291,0.0004170614348619733,0.00042809810152863995
20260324_212557,27,60c1aa880f4c4256a96e39f626f1afe5,flow0.134,1,1,,committed,OK,,,nan,nan,nan,nan,nan,nan,nan,nan,nan,nan,650.0,675.0,651.7300000249006,657.2700000249006,659.2563135237854,1.7300000249006189,5.54,1.9863134988847833,1,1,9.085059125853803,8.210603224940728,11.49282368207755,12.089353875335933,0.5539999999999999,2.031333333333333e-05,4.709470273227794,0.0001726805766850191,0.00019299391001835245
20260324_212557,27,b7caf7d0566f4f1caa712e1e113ddd2c,flow0.156,1,1,,committed,OK,,,nan,nan,nan,nan,nan,nan,nan,nan,nan,nan,650.0,675.0,654.7696721157747,656.5496721157747,660.544583102535,4.769672115774711,1.78,3.99491098676026,1,1,3.5664196104409247,4.316792440566626,18.343170524765455,16.67285753612336,0.178,6.526666666666666e-06,10.7620385959151,0.00039460808185022035,0.000401134748516887
20260324_212557,27,bb4a42fce1644a59a0b16b59be8c2693,flow0.154,1,1,,committed,OK,,,nan,nan,nan,nan,nan,nan,nan,nan,nan,nan,650.0,675.0,654.2905212999681,657.700521299968,661.1722791917585,4.290521299968077,3.41,3.471757891790503,1,1,4.009664025236452,5.093803500600029,17.29962268411301,15.348626900861474,0.34099999999999997,1.2503333333333331e-05,9.498158137653832,0.0003482657983806405,0.00036076913171397386
20260324_212557,27,f66ce8d58fd74b8e9898a1926725a2bf,flow0.143,1,1,,committed,OK,,,nan,nan,nan,nan,nan,nan,nan,nan,nan,nan,650.0,675.0,653.8586908048197,657.9686908048197,660.9669333521098,3.85869080481973,4.11,2.998242547290033,1,1,4.362114317333649,5.593623928861125,16.586016824282314,14.646841799881157,0.411,1.507e-05,8.35605462575478,0.0003063886696110086,0.0003214586696110086
20260324_212557,27,f6a73ca3be824ec79e8eb1a7df144f3b,flow0.68,1,1,,committed,OK,,,nan,nan,nan,nan,nan,nan,nan,nan,nan,nan,650.0,675.0,653.6450867636432,654.6850867636432,659.2895059423217,3.645086763643235,1.04,4.6044191786785404,1,1,4.163350500944948,3.4931312032446944,16.977320046057883,18.534598125581965,0.104,3.813333333333333e-06,10.551715531661046,0.00038689623616090503,0.0003907095694942384
20260324_212557,28,b7caf7d0566f4f1caa712e1e113ddd2c,flow0.156,1,1,,committed,OK,,,nan,nan,nan,nan,nan,nan,nan,nan,nan,nan,675.0,700.0,677.1469133392972,678.9269133392971,681.3648905080415,2.146913339297157,1.78,2.4379771687443963,1,1,7.736818683936433,8.209767746901216,12.454015832245794,12.089969004352321,0.178,6.526666666666666e-06,5.8038790924137516,0.0002128089000551709,0.00021933556672183756
20260324_212557,28,1243f3ea60b042fdbc88434d881af68d,flow0.132,1,1,,committed,OK,,,nan,nan,nan,nan,nan,nan,nan,nan,nan,nan,675.0,700.0,678.5152161169741,680.2452161169741,684.4910739711119,3.515216116974102,1.73,4.245857854137739,1,1,4.305960588472642,3.5733590621633686,16.693815054199852,18.325350680173727,0.173,6.343333333333333e-06,9.88400289818071,0.0003624134395999594,0.00036875677293329276
20260324_212557,28,0c966b5267b542368ec863e61cf59ba2,flow0.151,1,1,,committed,OK,,,nan,nan,nan,nan,nan,nan,nan,nan,nan,nan,675.0,700.0,678.7191939916493,686.1791939916493,688.8507637892371,3.719193991649263,7.46,2.6715697975878356,1,1,4.498491068316663,6.236886661885169,16.332670168533014,13.870965674386124,0.7459999999999999,2.735333333333333e-05,7.726548688031016,0.00028330678522780394,0.0003106601185611373
20260324_212557,28,1c6bea1941b34168aacc7c02ab056c95,flow0.164,1,1,,committed,OK,,,nan,nan,nan,nan,nan,nan,nan,nan,nan,nan,675.0,700.0,679.4643402908291,681.8443402908291,685.8046802378611,4.464340290829114,2.38,3.9603399470320255,1,1,3.7679655605528475,4.228844897827672,17.84584681174002,16.845338588676977,0.23799999999999996,8.726666666666666e-06,10.404850211377152,0.00038151117441716226,0.0003902378410838289
20260324_212557,28,289844ec0a26437c94d3712451eb4be2,flow0.152,1,1,,committed,OK,,,nan,nan,nan,nan,nan,nan,nan,nan,nan,nan,675.0,700.0,678.8760569568027,681.7460569568027,685.0122826408999,3.8760569568026995,2.87,3.2662256840972077,1,1,4.256809812149262,5.353897466843286,16.789915078467562,14.971165046330908,0.287,1.0523333333333333e-05,8.775395482948511,0.0003217645010414454,0.00033228783437477875
20260324_212557,28,3563da5eebb14564a1e40c2c478494fd,flow0.130,1,0,out_of_range,out_of_range,DL,out_of_range,not_scheduled,nan,nan,nan,nan,nan,nan,nan,nan,nan,nan,675.0,700.0,-1.0,-1.0,-1.0,0.0,0.0,0.0,0,0,3.023403684196105,0.0,19.922441215804295,0.0,0.0,0.0,0.0,0.0,0.0
20260324_212557,28,60c1aa880f4c4256a96e39f626f1afe5,flow0.146,1,1,,committed,OK,,,nan,nan,nan,nan,nan,nan,nan,nan,nan,nan,675.0,700.0,677.862218753053,680.1422187530529,683.6374696166085,2.8622187530529573,2.28,3.4952508635556114,1,1,5.391814903686817,4.420434874760577,14.918430507175092,16.476240579560972,0.22799999999999995,8.359999999999998e-06,8.105095048386374,0.0002971868184408337,0.00030554681844083373
20260324_212557,28,bb4a42fce1644a59a0b16b59be8c2693,flow0.150,1,1,,committed,OK,,,nan,nan,nan,nan,nan,nan,nan,nan,nan,nan,675.0,700.0,678.5195576115112,681.4795576115113,684.3902640863028,3.5195576115112317,2.96,2.910706474791482,1,1,4.791996197816811,5.82574999137279,15.824587228826477,14.35207520536433,0.296,1.0853333333333333e-05,7.885617323698455,0.00028913930186894336,0.0002999926352022767
20260324_212557,28,f66ce8d58fd74b8e9898a1926725a2bf,flow0.159,1,1,,committed,OK,,,nan,nan,nan,nan,nan,nan,nan,nan,nan,nan,675.0,700.0,677.5162322632908,683.5962322632909,685.6053007262012,2.516232263290817,6.08,2.0090684629103635,1,1,6.638630612935092,8.077383810308573,13.444707891098343,12.188640369948596,0.608,2.2293333333333332e-05,5.529834957656362,0.0002027606151140666,0.00022505394844739995
20260324_212557,28,f6a73ca3be824ec79e8eb1a7df144f3b,flow0.155,1,1,,committed,OK,,,nan,nan,nan,nan,nan,nan,nan,nan,nan,nan,675.0,700.0,677.0485037039579,677.6885037039578,681.3517635734495,2.048503703957863,0.64,3.6632598694916396,1,1,8.047220483183006,8.156623893281408,12.211462291930447,12.129290689089288,0.064,2.3466666666666665e-06,7.543393508195322,0.0002765910953004951,0.0002789377619671618
20260324_212557,29,0c966b5267b542368ec863e61cf59ba2,flow0.168,1,1,,committed,OK,,,nan,nan,nan,nan,nan,nan,nan,nan,nan,nan,700.0,725.0,703.5514969592722,704.5914969592721,707.8961372701741,3.5514969592721854,1.04,3.3046403109019593,1,1,4.740474067793862,5.351680977292798,15.910350072124714,14.974265006499085,0.104,3.813333333333333e-06,8.508457425625124,0.0003119767722729212,0.0003157901056062546
20260324_212557,29,b7caf7d0566f4f1caa712e1e113ddd2c,flow0.156,1,1,,committed,OK,,,nan,nan,nan,nan,nan,nan,nan,nan,nan,nan,700.0,725.0,703.3856578356284,705.1656578356284,709.2369215540594,3.3856578356284217,1.78,4.071263718431055,1,1,4.458296164009782,3.690852226331299,16.406130638055345,18.031310597072054,0.178,6.526666666666666e-06,9.492553413275004,0.0003480602918200835,0.00035458695848675014
20260324_212557,29,1c6bea1941b34168aacc7c02ab056c95,flow0.164,1,1,,committed,OK,,,nan,nan,nan,nan,nan,nan,nan,nan,nan,nan,700.0,725.0,702.2689611419856,704.6489611419856,706.8521779579793,2.268961141985642,2.38,2.203216815993642,1,1,7.290598524367674,7.903720574184355,12.829479329152246,12.321819257467846,0.23799999999999996,8.726666666666666e-06,5.573786365976105,0.00020437216675245717,0.00021309883341912383
20260324_212557,29,1243f3ea60b042fdbc88434d881af68d,flow0.154,1,1,,committed,OK,,,nan,nan,nan,nan,nan,nan,nan,nan,nan,nan,700.0,725.0,703.8462098517715,707.2562098517715,712.1616020731411,3.846209851771505,3.41,4.905392221369652,1,1,3.951365195951686,3.0445728599181834,17.426775559028147,19.853059181016295,0.34099999999999997,1.2503333333333331e-05,11.204298183825983,0.00041082426674028606,0.0004233276000736194
20260324_212557,29,289844ec0a26437c94d3712451eb4be2,flow0.158,1,1,,committed,OK,,,nan,nan,nan,nan,nan,nan,nan,nan,nan,nan,700.0,725.0,703.0181570304787,710.1381570304787,714.4785571111453,3.018157030478733,7.12,4.340400080666541,1,1,4.9567576650619944,3.5025727905288004,15.559361802973712,18.509600198895015,0.712,2.6106666666666665e-05,9.528757151478544,0.00034938776222087994,0.0003754944288875466
20260324_212557,29,3563da5eebb14564a1e40c2c478494fd,flow0.157,1,1,,committed,OK,,,nan,nan,nan,nan,nan,nan,nan,nan,nan,nan,700.0,725.0,702.6878632303118,709.7478632303117,713.4028961521942,2.687863230311791,7.06,3.65503292188248,1,1,5.759314769154898,4.2152480883083285,14.434615352819048,16.872485087647124,0.7059999999999998,2.588666666666666e-05,8.170412613135511,0.00029958179581496876,0.00032546846248163543
20260324_212557,29,60c1aa880f4c4256a96e39f626f1afe5,flow0.169,1,1,,committed,OK,,,nan,nan,nan,nan,nan,nan,nan,nan,nan,nan,700.0,725.0,703.7255066904333,706.9255066904334,710.0370382353955,3.725506690433349,3.2,3.1115315449620766,1,1,4.493566121379063,5.600698785603526,16.34161801796366,14.637587860602995,0.32,1.1733333333333333e-05,8.392804007876464,0.00030773614695547033,0.00031946948028880364
20260324_212557,29,bb4a42fce1644a59a0b16b59be8c2693,flow0.160,1,1,,committed,OK,,,nan,nan,nan,nan,nan,nan,nan,nan,nan,nan,700.0,725.0,704.8118826572562,707.2118826572562,711.2004854913491,4.811882657256206,2.4,3.9886028340929442,1,1,3.5318699424627726,4.4161445998104165,18.432671004453084,16.484241952789947,0.23999999999999996,8.799999999999999e-06,10.794786908395622,0.00039580885330783947,0.00040460885330783947
20260324_212557,29,f66ce8d58fd74b8e9898a1926725a2bf,flow0.150,1,1,,committed,OK,,,nan,nan,nan,nan,nan,nan,nan,nan,nan,nan,700.0,725.0,701.6521952810442,704.6121952810443,706.5237559153035,1.6521952810442144,2.96,1.9115606342592173,1,1,9.781420653093813,9.059806673428843,11.076171073512466,11.50882954405168,0.296,1.0853333333333333e-05,4.51953623243304,0.0001657163285225448,0.00017656966185587814
20260324_212557,29,f6a73ca3be824ec79e8eb1a7df144f3b,flow0.148,1,1,,committed,OK,,,nan,nan,nan,nan,nan,nan,nan,nan,nan,nan,700.0,725.0,702.4876859762713,706.5376859762713,709.7127550907461,2.4876859762713366,4.05,3.175069114474809,1,1,6.178775934739996,4.928541964236897,13.93604050167532,15.60383659415973,0.40499999999999997,1.485e-05,7.25028964798355,0.00026584395375939685,0.00028069395375939686
20260324_212557,30,0c966b5267b542368ec863e61cf59ba2,flow0.166,1,1,,committed,OK,,,nan,nan,nan,nan,nan,nan,nan,nan,nan,nan,725.0,750.0,726.9192504359505,733.5292504359505,735.667748056962,1.9192504359505165,6.61,2.1384976210114246,1,1,8.274513907592047,7.578195198848772,12.04257550357361,12.58368183882384,0.661,2.4236666666666668e-05,5.126996867467653,0.0001879898851404806,0.00021222655180714727
20260324_212557,30,1243f3ea60b042fdbc88434d881af68d,flow0.149,1,0,out_of_range,out_of_range,DL,out_of_range,not_scheduled,nan,nan,nan,nan,nan,nan,nan,nan,nan,nan,725.0,750.0,-1.0,-1.0,-1.0,0.0,0.0,0.0,0,0,3.0591007531142935,0.0,19.80586126275913,0.0,0.0,0.0,0.0,0.0,0.0
20260324_212557,30,60c1aa880f4c4256a96e39f626f1afe5,flow0.169,1,1,,committed,OK,,,nan,nan,nan,nan,nan,nan,nan,nan,nan,nan,725.0,750.0,726.8496743776973,730.0496743776973,731.7310668185845,1.8496743776972835,3.2,1.6813924408871799,1,1,8.828374311433699,9.816261010741256,11.65870339822164,11.056497555154106,0.32,1.1733333333333333e-05,4.371763039028053,0.00016029797809769528,0.00017203131143102862
20260324_212557,30,1c6bea1941b34168aacc7c02ab056c95,flow0.176,1,1,,committed,OK,,,nan,nan,nan,nan,nan,nan,nan,nan,nan,nan,725.0,750.0,728.1610192526895,729.1610192526895,731.9361237707421,3.1610192526894707,1.0,2.7751045180526717,1,1,5.419010974827548,6.056732049417273,14.880948296418012,14.075746690618478,0.09999999999999999,3.666666666666666e-06,7.323676029768478,0.00026853478775817755,0.00027220145442484424
20260324_212557,30,289844ec0a26437c94d3712451eb4be2,flow0.165,1,1,,committed,OK,,,nan,nan,nan,nan,nan,nan,nan,nan,nan,nan,725.0,750.0,726.9551402949321,729.0651402949321,731.0726196525517,1.9551402949321073,2.11,2.007479357619559,1,1,8.167819931945091,7.943414485349654,12.120974726106779,12.290994116005155,0.21099999999999997,7.736666666666665e-06,4.966359331361446,0.00018209984214991967,0.00018983650881658633
20260324_212557,30,3563da5eebb14564a1e40c2c478494fd,flow0.161,1,1,,committed,OK,,,nan,nan,nan,nan,nan,nan,nan,nan,nan,nan,725.0,750.0,727.2967664407563,734.5767664407563,736.562280875271,2.2967664407563007,7.28,1.9855144345146982,1,1,7.254746526922898,8.083380296271251,12.861141055020164,12.184118587716394,0.728,2.6693333333333334e-05,5.275038092528348,0.0001934180633927061,0.00022011139672603944
20260324_212557,30,b7caf7d0566f4f1caa712e1e113ddd2c,flow0.174,1,1,,committed,OK,,,nan,nan,nan,nan,nan,nan,nan,nan,nan,nan,725.0,750.0,727.7838793340186,731.2438793340186,733.5492672238227,2.783879334018593,3.46,2.305387889804024,1,1,5.98116336842516,7.3465474998665705,14.164387213787208,12.780533339178243,0.346,1.2686666666666667e-05,6.241961168724629,0.00022887190951990306,0.00024155857618656974
20260324_212557,30,bb4a42fce1644a59a0b16b59be8c2693,flow0.172,1,1,,committed,OK,,,nan,nan,nan,nan,nan,nan,nan,nan,nan,nan,725.0,750.0,727.4444440252154,730.6944440252154,732.7683434878818,2.4444440252153754,3.25,2.073899462666418,1,1,6.842224540334668,7.883121226287441,13.243170239402994,12.337907798776996,0.32499999999999996,1.1916666666666666e-05,5.555293219215002,0.0002036940847045501,0.00021561075137121677
20260324_212557,30,f66ce8d58fd74b8e9898a1926725a2bf,flow0.160,1,1,,committed,OK,,,nan,nan,nan,nan,nan,nan,nan,nan,nan,nan,725.0,750.0,727.1661465441665,729.5661465441665,731.5669469269693,2.1661465441665086,2.4,2.0008003828028222,1,1,7.673749345434725,8.201123260690423,12.50508990287376,12.096339110076368,0.23999999999999996,8.799999999999999e-06,5.167347118370742,0.00018946939434026053,0.00019826939434026053
20260324_212557,30,f6a73ca3be824ec79e8eb1a7df144f3b,flow0.167,1,1,,committed,OK,,,nan,nan,nan,nan,nan,nan,nan,nan,nan,nan,725.0,750.0,726.6645705871571,730.464570587157,732.2126320514709,1.6645705871570726,3.8,1.7480614643138779,1,1,9.720339052717692,9.050628099660873,11.110917327476091,11.514663828223526,0.37999999999999995,1.3933333333333331e-05,4.286662783627889,0.0001571776353996893,0.00017111096873302263
